Country Code,Country Name,Indicator Name,2000,2001,2002,2003,2004,2005,2006,2007,2008,2009,2010,2011,2012,2013,2014,2015
ABW,Aruba,Urban population,42444.0,43048.0,43670.0,44246.0,44669.0,44889.0,44882.0,44686.0,44378.0,44053.0,43778.0,43819.0,44057.0,44348.0,44665.0,44979.0
AFG,Afghanistan,Urban population,4587798.0,4790053.0,5031157.0,5293385.0,5563504.0,5824291.0,6055019.0,6263747.0,6464835.0,6680732.0,6927764.0,7212518.0,7528588.0,7865067.0,8204877.0,8535606.0
AGO,Angola,Urban population,8212001.0,8688765.0,9190861.0,9721267.0,10284528.0,10882817.0,11437890.0,12025601.0,12644649.0,13291081.0,13963065.0,14660282.0,15383127.0,16130304.0,16900847.0,17691524.0
ALB,Albania,Urban population,1289391.0,1298584.0,1327220.0,1354848.0,1381828.0,1407298.0,1430886.0,1452398.0,1473392.0,1495260.0,1519519.0,1546929.0,1575788.0,1603505.0,1630119.0,1654503.0
AND,Andorra,Urban population,60417.0,61991.0,64194.0,66747.0,69192.0,71205.0,72737.0,73843.0,74641.0,75098.0,75007.0,74305.0,73056.0,71515.0,70057.0,68919.0
ARB,Arab World,Urban population,149612197.0,153594293.0,157691914.0,162002764.0,166570979.0,171562844.0,176916084.0,182152279.0,188077348.0,194146230.0,200303061.0,206244906.0,212088831.0,217954644.0,223793602.0,229821020.0
ARE,United Arab Emirates,Urban population,2514646.0,2663808.0,2820140.0,3024185.0,3330979.0,3774366.0,4380488.0,5121554.0,5911711.0,6630166.0,7189428.0,7553138.0,7747411.0,7824294.0,7866602.0,7935897.0
ARG,Argentina,Urban population,32867357.0,33297967.0,33728934.0,34159485.0,34588886.0,35015695.0,35439470.0,35861110.0,36284569.0,36714245.0,37055902.0,37543830.0,38027774.0,38509756.0,38990109.0,39467043.0
ARM,Armenia,Urban population,1984982.0,1964185.0,1948906.0,1935611.0,1921601.0,1906164.0,1888554.0,1869221.0,1850408.0,1835094.0,1825371.0,1821999.0,1823986.0,1830230.0,1838076.0,1845585.0
ASM,American Samoa,Urban population,51222.0,51762.0,52223.0,52540.0,52637.0,52474.0,52014.0,51303.0,50477.0,49709.0,49122.0,48790.0,48664.0,48664.0,48699.0,48689.0
ATG,Antigua and Barbuda,Urban population,24422.0,24507.0,24348.0,24158.0,23970.0,23802.0,23658.0,23529.0,23403.0,23264.0,23097.0,22941.0,23078.0,23199.0,23302.0,23392.0
AUS,Australia,Urban population,16133530.0,16326333.0,16550802.0,16780377.0,17000206.0,17250330.0,17531121.0,17666387.0,18049708.0,18451611.0,18767085.0,19056040.0,19414834.0,19775013.0,20095657.0,20410546.0
AUT,Austria,Urban population,4824004.0,4820068.0,4821291.0,4822095.0,4829142.0,4839033.0,4839801.0,4832038.0,4823638.0,4812679.0,4800510.0,4792887.0,4817487.0,4861991.0,4916377.0,4988134.0
AZE,Azerbaijan,Urban population,4135854.0,4184325.0,4232008.0,4280744.0,4335079.0,4396406.0,4461940.0,4530068.0,4643726.0,4759039.0,4835557.0,4920166.0,5008847.0,5098727.0,5189181.0,5279540.0
BDI,Burundi,Urban population,526002.0,552126.0,582051.0,615467.0,651765.0,690456.0,731647.0,775529.0,822199.0,871342.0,923258.0,977810.0,1034996.0,1095416.0,1159264.0,1227128.0
BEL,Belgium,Urban population,9956937.0,9997106.0,10047703.0,10095562.0,10144977.0,10206487.0,10279407.0,10360589.0,10448114.0,10537701.0,10639649.0,10784163.0,10856360.0,10912673.0,10966157.0,11034732.0
BEN,Benin,Urban population,2631925.0,2735157.0,2847830.0,2973327.0,3103024.0,3236233.0,3372954.0,3513643.0,3658708.0,3808657.0,3964237.0,4125679.0,4293031.0,4466248.0,4646155.0,4832681.0
BFA,Burkina Faso,Urban population,2071321.0,2214526.0,2367405.0,2530418.0,2704755.0,2890681.0,3089300.0,3277395.0,3457080.0,3645825.0,3844033.0,4051998.0,4269913.0,4497993.0,4736618.0,4985855.0
BGD,Bangladesh,Urban population,30114488.0,31346174.0,32796275.0,34276157.0,35772637.0,37274029.0,38777278.0,40283010.0,41802031.0,43352798.0,44954427.0,46610737.0,48311928.0,50048763.0,51818338.0,53608403.0
BGR,Bulgaria,Urban population,5629167.0,5539603.0,5448708.0,5433321.0,5419782.0,5406009.0,5391557.0,5378166.0,5366322.0,5357245.0,5347166.0,5337678.0,5331472.0,5326274.0,5320503.0,5310996.0
BHR,Bahrain,Urban population,587330.0,616414.0,649671.0,688245.0,733574.0,786217.0,847740.0,916664.0,986792.0,1049728.0,1099824.0,1133656.0,1153855.0,1168206.0,1187971.0,1220934.0
BHS,"Bahamas, The",Urban population,244423.0,248295.0,252564.0,257185.0,262054.0,267093.0,272308.0,277678.0,282997.0,288021.0,292568.0,296565.0,300073.0,303266.0,306395.0,309640.0
BIH,Bosnia and Herzegovina,Urban population,1589898.0,1603529.0,1617063.0,1630150.0,1642995.0,1655428.0,1667405.0,1678240.0,1686419.0,1690101.0,1688139.0,1679674.0,1665461.0,1647984.0,1631018.0,1617732.0
BLR,Belarus,Urban population,6983033.0,6995457.0,6998521.0,6996348.0,6994710.0,6992229.0,6993921.0,7005597.0,7024602.0,7051358.0,7086808.0,7122689.0,7164339.0,7212995.0,7266287.0,7324181.0
BLZ,Belize,Urban population,112276.0,115750.0,119025.0,122176.0,125339.0,128598.0,131960.0,135396.0,138874.0,142366.0,145844.0,149360.0,152931.0,156547.0,160198.0,163885.0
BMU,Bermuda,Urban population,61833.0,62504.0,62912.0,63325.0,63740.0,64154.0,64523.0,64888.0,65273.0,65636.0,65124.0,64564.0,64798.0,65001.0,65138.0,65237.0
BOL,Bolivia,Urban population,5201393.0,5346001.0,5489001.0,5632755.0,5777975.0,5924371.0,6072089.0,6220823.0,6370955.0,6522374.0,6675278.0,6829811.0,6985733.0,7137083.0,7285464.0,7434134.0
BRA,Brazil,Urban population,141915773.0,144508698.0,147005321.0,149452654.0,151843988.0,154176524.0,156447985.0,158660052.0,160823508.0,162949977.0,165055094.0,167158525.0,169240750.0,171300683.0,173346772.0,175375436.0
BRB,Barbados,Urban population,91845.0,91639.0,91409.0,91170.0,90946.0,90747.0,90585.0,90441.0,90299.0,90130.0,89915.0,89707.0,89516.0,89351.0,89230.0,89161.0
BRN,Brunei Darussalam,Urban population,237094.0,243641.0,249843.0,255858.0,261646.0,267128.0,272251.0,277069.0,281728.0,286425.0,291333.0,296486.0,301859.0,307348.0,312785.0,318080.0
BTN,Bhutan,Urban population,150226.0,159844.0,169836.0,180114.0,190590.0,200882.0,208478.0,215879.0,223217.0,230698.0,238507.0,246710.0,255173.0,263846.0,272652.0,281528.0
BWA,Botswana,Urban population,874566.0,905364.0,930223.0,954422.0,979656.0,1006476.0,1035452.0,1086416.0,1138732.0,1190403.0,1240192.0,1287136.0,1320976.0,1352446.0,1386171.0,1424167.0
CAF,Central African Republic,Urban population,1370220.0,1403945.0,1437280.0,1470347.0,1503406.0,1537372.0,1572814.0,1609475.0,1645502.0,1678401.0,1706628.0,1729233.0,1747415.0,1764187.0,1783840.0,1809714.0
CAN,Canada,Urban population,24388404.0,24757782.0,25052940.0,25304780.0,25566897.0,25834340.0,26126316.0,26441461.0,26789863.0,27158023.0,27522537.0,27847821.0,28166078.0,28479640.0,28781576.0,29011826.0
CEB,Central Europe and the Baltics,Urban population,66669587.0,66206030.0,65839890.0,65682785.0,65551568.0,65430714.0,65329206.0,65168162.0,65021934.0,64961672.0,64768515.0,64654506.0,64524893.0,64402919.0,64285250.0,64165146.0
CHE,Switzerland,Urban population,5272018.0,5304905.0,5347082.0,5388808.0,5427827.0,5464643.0,5500991.0,5552336.0,5625324.0,5697988.0,5759681.0,5825978.0,5889928.0,5959745.0,6034707.0,6105617.0
CHI,Channel Islands,Urban population,45223.0,45467.0,45712.0,45949.0,46241.0,46630.0,47134.0,47731.0,48383.0,49023.0,49604.0,50056.0,50333.0,50586.0,50863.0,51207.0
CHL,Chile,Urban population,13205623.0,13400181.0,13583639.0,13736101.0,13888984.0,14043851.0,14202578.0,14364739.0,14529334.0,14693852.0,14857033.0,15015959.0,15171189.0,15330437.0,15504104.0,15698027.0
CHN,China,Urban population,452999147.0,471767321.0,491993700.0,512473984.0,533257098.0,554367818.0,575118254.0,595670841.0,616481190.0,637407288.0,658498663.0,678933504.0,699187267.0,719587859.0,740239259.0,761027100.0
CIV,Cote d'Ivoire,Urban population,7101012.0,7342526.0,7578948.0,7814051.0,8053836.0,8302481.0,8561994.0,8832381.0,9114825.0,9409746.0,9718245.0,10041393.0,10379711.0,10732981.0,11100535.0,11483934.0
CMR,Cameroon,Urban population,7065361.0,7349440.0,7645216.0,7953193.0,8274119.0,8607975.0,8955660.0,9317566.0,9693717.0,10083755.0,10487740.0,10905608.0,11337560.0,11783316.0,12242760.0,12715783.0
COD,"Congo, Dem. Rep.",Urban population,16544508.0,17234266.0,17981229.0,18783707.0,19635486.0,20534304.0,21483246.0,22487132.0,23545867.0,24661566.0,25833935.0,27065209.0,28355103.0,29704531.0,31115109.0,32586918.0
COG,"Congo, Rep.",Urban population,1835634.0,1903600.0,1973553.0,2046742.0,2124992.0,2209458.0,2301052.0,2399046.0,2501001.0,2603306.0,2703391.0,2800043.0,2894149.0,2987552.0,3083060.0,3182830.0
COL,Colombia,Urban population,29309133.0,29941978.0,30573545.0,31200435.0,31817836.0,32422511.0,33015425.0,33597407.0,34166609.0,34720224.0,35257425.0,35769913.0,36262053.0,36759801.0,37299404.0,37904385.0
COM,Comoros,Urban population,152294.0,155849.0,159409.0,162990.0,166645.0,170491.0,174541.0,178800.0,183275.0,187979.0,192928.0,198122.0,203574.0,209275.0,215196.0,221333.0
CPV,Cabo Verde,Urban population,228802.0,236551.0,244270.0,251947.0,259568.0,267119.0,274601.0,282010.0,289438.0,296947.0,304564.0,310897.0,317394.0,324023.0,330707.0,337410.0
CRI,Costa Rica,Urban population,2339860.0,2436984.0,2532444.0,2626685.0,2720493.0,2814375.0,2908602.0,3002811.0,3096962.0,3190512.0,3283628.0,3376037.0,3466588.0,3555158.0,3641672.0,3726119.0
CSS,Caribbean small states,Urban population,3272900.0,3300931.0,3326489.0,3351008.0,3375371.0,3398954.0,3422329.0,3445560.0,3468893.0,3492535.0,3516866.0,3543231.0,3572970.0,3603789.0,3635510.0,3667773.0
CUB,Cuba,Urban population,8380761.0,8435464.0,8487656.0,8528228.0,8554890.0,8573893.0,8584112.0,8586856.0,8586507.0,8588994.0,8598651.0,8617290.0,8643315.0,8668175.0,8690598.0,8708304.0
CUW,Curacao,Urban population,121481.0,117447.0,117440.0,119730.0,121652.0,124627.0,127696.0,130064.0,131527.0,132200.0,133691.0,135409.0,136353.0,137738.0,139450.0,141158.0
CYM,Cayman Islands,Urban population,42303.0,43935.0,45351.0,46632.0,47902.0,49261.0,50740.0,52280.0,53836.0,55322.0,56672.0,57878.0,58958.0,59932.0,60848.0,61724.0
CYP,Cyprus,Urban population,647550.0,660372.0,671116.0,681117.0,691220.0,701564.0,712252.0,723133.0,733722.0,743347.0,751581.0,758205.0,763443.0,767957.0,772388.0,777233.0
CZE,Czech Republic,Urban population,7587516.0,7547721.0,7526242.0,7517054.0,7512306.0,7515659.0,7528974.0,7565828.0,7621676.0,7657912.0,7673029.0,7681562.0,7693579.0,7705910.0,7723921.0,7748928.0
DEU,Germany,Urban population,61629857.0,61902439.0,62174878.0,62376854.0,62529997.0,62660267.0,62753557.0,62833410.0,62875807.0,62877220.0,62940432.0,61940177.0,62064608.0,62242278.0,62510392.0,63062064.0
DJI,Djibouti,Urban population,549181.0,561328.0,572337.0,582417.0,591943.0,601234.0,610280.0,619013.0,627771.0,636960.0,646944.0,657875.0,669663.0,682097.0,694818.0,707586.0
DMA,Dominica,Urban population,45457.0,45546.0,45875.0,46262.0,46663.0,47013.0,47312.0,47576.0,47810.0,48036.0,48264.0,48499.0,48742.0,48988.0,49248.0,49528.0
DNK,Denmark,Urban population,4544013.0,4563004.0,4582981.0,4601394.0,4624434.0,4652908.0,4681382.0,4712839.0,4751268.0,4785983.0,4815111.0,4844002.0,4872608.0,4901386.0,4932961.0,4974525.0
DOM,Dominican Republic,Urban population,5231295.0,5379715.0,5529104.0,5717747.0,5923402.0,6128822.0,6334159.0,6539070.0,6743607.0,6947157.0,7150443.0,7342931.0,7527829.0,7711911.0,7895294.0,8077905.0
DZA,Algeria,Urban population,18600197.0,19094843.0,19591211.0,20095408.0,20616005.0,21159469.0,21729732.0,22327433.0,22955890.0,23612219.0,24299173.0,25016303.0,25763106.0,26536378.0,27332602.0,28146511.0
ECU,Ecuador,Urban population,7646590.0,7851988.0,8033023.0,8197752.0,8363682.0,8532068.0,8703743.0,8878734.0,9055765.0,9233276.0,9410469.0,9580933.0,9746827.0,9915343.0,10091292.0,10278096.0
EGY,"Egypt, Arab Rep.",Urban population,29457843.0,30055505.0,30659220.0,31267885.0,31879899.0,32495526.0,33111793.0,33700835.0,34289703.0,34919606.0,35603056.0,36347578.0,37114895.0,37919402.0,38737018.0,39551544.0
ESP,Spain,Urban population,30937864.0,31186430.0,31708814.0,32390830.0,33059302.0,33727737.0,34408810.0,35159317.0,35833174.0,36260460.0,36535850.0,36773882.0,36904876.0,36891840.0,36890017.0,36971015.0
EST,Estonia,Urban population,969061.0,961159.0,953352.0,945646.0,938279.0,931205.0,924006.0,918084.0,913914.0,910446.0,906655.0,902194.0,899089.0,897846.0,897427.0,899949.0
ETH,Ethiopia,Urban population,9761536.0,10174157.0,10604081.0,11049316.0,11510093.0,11986371.0,12478999.0,13001478.0,13689470.0,14413055.0,15178365.0,15986316.0,16839218.0,17717910.0,18635946.0,19590313.0
EUU,European Union,Urban population,304075053.0,305278438.0,306961948.0,309016312.0,311124840.0,313183119.0,315148349.0,317172250.0,319152659.0,320826833.0,322196473.0,322486001.0,323794322.0,325389420.0,326995174.0,328554219.0
FIN,Finland,Urban population,4253964.0,4273258.0,4290649.0,4307931.0,4327463.0,4349276.0,4372951.0,4398523.0,4426008.0,4454167.0,4492880.0,4543014.0,4593267.0,4629925.0,4651843.0,4669930.0
FJI,Fiji,Urban population,388537.0,393126.0,396965.0,400571.0,404669.0,409742.0,416121.0,423589.0,432368.0,440972.0,448576.0,454891.0,460182.0,464883.0,469756.0,475365.0
FRA,France,Urban population,46214923.0,46709571.0,47206863.0,47699501.0,48209404.0,48730233.0,49228316.0,49690034.0,50127513.0,50547198.0,50961407.0,51373800.0,51791144.0,52228061.0,52647802.0,53009026.0
FRO,Faroe Islands,Urban population,16982.0,17471.0,17959.0,18363.0,18682.0,18984.0,19187.0,19293.0,19384.0,19473.0,19568.0,19650.0,19723.0,19810.0,19904.0,20007.0
FSM,"Micronesia, Fed. Sts.",Urban population,23983.0,23932.0,23900.0,23871.0,23809.0,23699.0,23523.0,23309.0,23101.0,22969.0,22947.0,23075.0,23330.0,23680.0,24067.0,24453.0
GAB,Gabon,Urban population,968918.0,1001786.0,1035393.0,1070257.0,1107106.0,1146535.0,1188556.0,1233164.0,1281025.0,1332883.0,1389176.0,1450336.0,1515820.0,1583686.0,1651170.0,1716262.0
GBR,United Kingdom,Urban population,46319551.0,46557334.0,46930583.0,47323791.0,47767769.0,48269624.0,48798541.0,49351705.0,49913475.0,50463084.0,51030310.0,51600211.0,52130345.0,52650595.0,53209683.0,53802927.0
GEO,Georgia,Urban population,2146120.0,2103451.0,2086373.0,2087702.0,2090052.0,2091919.0,2095077.0,2099115.0,2107603.0,2103652.0,2102941.0,2100564.0,2099468.0,2107360.0,2122558.0,2140097.0
GHA,Ghana,Urban population,8469009.0,8811787.0,9166549.0,9534970.0,9919284.0,10320071.0,10739261.0,11176323.0,11628983.0,12092963.0,12566488.0,13047760.0,13537131.0,14034999.0,14543041.0,15062521.0
GIB,Gibraltar,Urban population,31077.0,31602.0,32102.0,32555.0,32928.0,33219.0,33417.0,33517.0,33559.0,33565.0,33585.0,33612.0,33646.0,33692.0,33725.0,33736.0
GIN,Guinea,Urban population,2543831.0,2621416.0,2697744.0,2774555.0,2854185.0,2938478.0,3028543.0,3124051.0,3224124.0,3327236.0,3432521.0,3539417.0,3648853.0,3762921.0,3884554.0,4017350.0
GMB,"Gambia, The",Urban population,630758.0,663376.0,697679.0,733010.0,767539.0,803054.0,839503.0,877007.0,915778.0,956057.0,998129.0,1042059.0,1087857.0,1135418.0,1184631.0,1235413.0
GNB,Guinea-Bissau,Urban population,435388.0,449391.0,464198.0,479789.0,496132.0,513185.0,530989.0,549570.0,569008.0,589354.0,610730.0,633136.0,656565.0,680895.0,706001.0,731762.0
GNQ,Equatorial Guinea,Urban population,297586.0,321088.0,346132.0,372907.0,401728.0,432782.0,466234.0,502051.0,540134.0,580251.0,622236.0,666007.0,711522.0,748581.0,786525.0,825196.0
GRC,Greece,Urban population,7857551.0,7919906.0,7991509.0,8052786.0,8114802.0,8180275.0,8246206.0,8308341.0,8371303.0,8433780.0,8484693.0,8511794.0,8505100.0,8482139.0,8463623.0,8445266.0
GRD,Grenada,Urban population,36709.0,37086.0,37218.0,37345.0,37462.0,37568.0,37659.0,37745.0,37834.0,37948.0,38100.0,38296.0,38540.0,38829.0,39137.0,39452.0
GRL,Greenland,Urban population,45859.0,46122.0,46473.0,46739.0,46997.0,47175.0,47220.0,47213.0,47196.0,47360.0,48018.0,48217.0,48402.0,48322.0,48308.0,48298.0
GTM,Guatemala,Urban population,5253870.0,5421506.0,5588466.0,5750534.0,5911891.0,6074432.0,6238013.0,6402661.0,6568347.0,6734651.0,6902116.0,7072123.0,7243152.0,7418337.0,7597137.0,7779195.0
GUM,Guam,Urban population,144656.0,145817.0,146699.0,147363.0,147878.0,148313.0,148696.0,149033.0,149360.0,149685.0,150035.0,150411.0,150839.0,151366.0,152078.0,153006.0
GUY,Guyana,Urban population,214262.0,213174.0,212399.0,210928.0,209284.0,207597.0,205856.0,204108.0,202425.0,200904.0,199605.0,198535.0,199425.0,200451.0,201639.0,202917.0
HKG,"Hong Kong SAR, China",Urban population,6665000.0,6714300.0,6744100.0,6730800.0,6783500.0,6813200.0,6857100.0,6916300.0,6957800.0,6972800.0,7024200.0,7071600.0,7150100.0,7178900.0,7229500.0,7291300.0
HND,Honduras,Urban population,2988640.0,3103449.0,3229730.0,3358944.0,3490501.0,3623948.0,3759510.0,3896841.0,4035650.0,4175234.0,4315519.0,4455999.0,4597020.0,4738707.0,4882050.0,5027140.0
HRV,Croatia,Urban population,2387324.0,2306414.0,2315000.0,2322932.0,2330812.0,2341055.0,2348849.0,2355577.0,2362537.0,2367290.0,2369143.0,2368126.0,2368751.0,2370674.0,2370234.0,2360534.0
HTI,Haiti,Urban population,3013115.0,3206871.0,3408428.0,3617447.0,3770731.0,3920687.0,4074700.0,4232448.0,4394114.0,4558835.0,4726823.0,4897847.0,5071853.0,5248180.0,5426832.0,5607352.0
HUN,Hungary,Urban population,6593735.0,6588305.0,6611324.0,6633742.0,6660205.0,6694281.0,6737243.0,6779707.0,6820246.0,6861506.0,6891116.0,6916190.0,6912310.0,6920508.0,6928924.0,6939335.0
IDN,Indonesia,Urban population,88840036.0,91738482.0,94698443.0,97720468.0,100811250.0,103961908.0,107178769.0,110459097.0,113814309.0,117243827.0,120709130.0,124016544.0,127396459.0,130826016.0,134287151.0,137751865.0
IMN,Isle of Man,Urban population,39873.0,40276.0,40609.0,40916.0,41261.0,41682.0,42205.0,42803.0,43389.0,43855.0,44121.0,44151.0,43996.0,43748.0,43549.0,43486.0
IND,India,Urban population,292322757.0,300118524.0,308796507.0,317584393.0,326495067.0,335503762.0,344622641.0,353850625.0,363154577.0,372465917.0,381763166.0,391040303.0,400417728.0,409909187.0,419568459.0,429428653.0
IRL,Ireland,Urban population,2250951.0,2296510.0,2345367.0,2394915.0,2450379.0,2515791.0,2595694.0,2680715.0,2744952.0,2782090.0,2806411.0,2827835.0,2849043.0,2873286.0,2903635.0,2940510.0
IRN,"Iran, Islamic Rep.",Urban population,42026541.0,43031116.0,44050010.0,45078311.0,46107032.0,47130046.0,48145863.0,49125150.0,50093529.0,51080202.0,52095517.0,53140089.0,54203628.0,55292621.0,56418308.0,57580319.0
IRQ,Iraq,Urban population,16094906.0,16594707.0,17104294.0,17607000.0,18080764.0,18513378.0,18889524.0,19223314.0,19565443.0,19985687.0,20552598.0,21282801.0,22141872.0,23075649.0,24005089.0,24872481.0
ISL,Iceland,Urban population,259836.0,263687.0,266425.0,268644.0,271378.0,276072.0,283000.0,290623.0,296449.0,297832.0,297604.0,298556.0,300190.0,303150.0,306653.0,309974.0
ISR,Israel,Urban population,5735757.0,5876682.0,6000381.0,6113918.0,6227239.0,6342289.0,6459778.0,6579915.0,6702316.0,6869011.0,7000447.0,7136149.0,7274496.0,7417238.0,7566988.0,7724692.0
ITA,Italy,Urban population,38277624.0,38333314.0,38447500.0,38686985.0,39006818.0,39267369.0,39454178.0,39722857.0,40056298.0,40308358.0,40502481.0,40641670.0,40894259.0,41548775.0,42109853.0,42247229.0
JAM,Jamaica,Urban population,1375507.0,1392263.0,1407038.0,1420747.0,1434039.0,1447023.0,1459781.0,1472254.0,1484715.0,1497366.0,1510426.0,1524024.0,1538503.0,1553708.0,1569364.0,1585234.0
JOR,Jordan,Urban population,4009375.0,4084287.0,4163394.0,4255280.0,4370503.0,4582815.0,4851350.0,5152537.0,5487248.0,5854308.0,6251314.0,6680105.0,7134935.0,7593824.0,8028044.0,8363640.0
JPN,Japan,Urban population,99760751.0,101706485.0,104055019.0,106256267.0,108136910.0,109856670.0,111383848.0,112827761.0,114107975.0,115228215.0,116302928.0,116416235.0,116331281.0,116262976.0,116208079.0,116182717.0
KAZ,Kazakhstan,Urban population,8349417.0,8346075.0,8357267.0,8396312.0,8465822.0,8552467.0,8654579.0,8765446.0,8942684.0,9133481.0,9275230.0,9421048.0,9566957.0,9718100.0,9874723.0,10032906.0
KEN,Kenya,Urban population,6358390.0,6648221.0,6949821.0,7264511.0,7593876.0,7938446.0,8299729.0,8677870.0,9072572.0,9482262.0,9907051.0,10349396.0,10809150.0,11286201.0,11778202.0,12284623.0
KGZ,Kyrgyz Republic,Urban population,1729037.0,1745422.0,1761468.0,1779932.0,1801551.0,1821882.0,1841521.0,1859060.0,1876703.0,1899444.0,1923436.0,1949521.0,1986238.0,2031430.0,2079480.0,2131200.0
KHM,Cambodia,Urban population,2259173.0,2320183.0,2378420.0,2434572.0,2489816.0,2545033.0,2600254.0,2655691.0,2717205.0,2808855.0,2904520.0,3004694.0,3109364.0,3217889.0,3329689.0,3443896.0
KIR,Kiribati,Urban population,36255.0,37321.0,37971.0,38654.0,39396.0,40208.0,41539.0,43308.0,45140.0,46980.0,48777.0,50516.0,52209.0,53866.0,55541.0,57261.0
KNA,St. Kitts and Nevis,Urban population,14450.0,14539.0,14659.0,14782.0,14902.0,15006.0,15093.0,15164.0,15226.0,15291.0,15351.0,15417.0,15494.0,15584.0,15682.0,15785.0
KOR,"Korea, Rep.",Urban population,37428328.0,37867709.0,38258247.0,38626122.0,38947802.0,39195731.0,39490771.0,39740941.0,40093884.0,40351067.0,40602657.0,40909592.0,41089082.0,41240244.0,41463573.0,41645542.0
KWT,Kuwait,Urban population,2024672.0,2101347.0,2136997.0,2161626.0,2200492.0,2270198.0,2373672.0,2504019.0,2656009.0,2821045.0,2991884.0,3168060.0,3348853.0,3526376.0,3690941.0,3835591.0
LAO,Lao PDR,Urban population,1169990.0,1243825.0,1320796.0,1401187.0,1485877.0,1563651.0,1622169.0,1683371.0,1747050.0,1812307.0,1878749.0,1946164.0,2014818.0,2084844.0,2157058.0,2231865.0
LBN,Lebanon,Urban population,3304789.0,3436970.0,3606734.0,3790064.0,3952238.0,4070397.0,4129657.0,4142870.0,4147326.0,4196333.0,4325706.0,4551218.0,4853837.0,5192446.0,5507602.0,5755681.0
LBR,Liberia,Urban population,1262749.0,1319608.0,1361642.0,1395784.0,1433181.0,1481975.0,1544621.0,1618166.0,1698869.0,1781148.0,1860574.0,1936126.0,2009227.0,2081046.0,2153465.0,2228065.0
LBY,Libya,Urban population,4092732.0,4164194.0,4238418.0,4314782.0,4392193.0,4469572.0,4547785.0,4626696.0,4703527.0,4774509.0,4837400.0,4890308.0,4935068.0,4977662.0,5026582.0,5087798.0
LCA,St. Lucia,Urban population,43530.0,43457.0,41966.0,40479.0,39051.0,37725.0,36496.0,35345.0,34225.0,33089.0,32119.0,32388.0,32591.0,32771.0,32953.0,33165.0
LIE,Liechtenstein,Urban population,5021.0,5020.0,5050.0,5075.0,5097.0,5116.0,5135.0,5152.0,5170.0,5187.0,5206.0,5230.0,5260.0,5294.0,5328.0,5359.0
LKA,Sri Lanka,Urban population,3451323.0,3473139.0,3497775.0,3524535.0,3551533.0,3577319.0,3601999.0,3625538.0,3648476.0,3670930.0,3692904.0,3714802.0,3716533.0,3746058.0,3785336.0,3828283.0
LSO,Lesotho,Urban population,397373.0,408512.0,418084.0,426618.0,435068.0,444115.0,454104.0,463032.0,472857.0,483463.0,494864.0,507158.0,517933.0,529464.0,541552.0,554041.0
LTU,Lithuania,Urban population,2344199.0,2322637.0,2300933.0,2279211.0,2250685.0,2213967.0,2181225.0,2157761.0,2137953.0,2114156.0,2067653.0,2020994.0,1997745.0,1981238.0,1967853.0,1952971.0
LUX,Luxembourg,Urban population,367434.0,374603.0,380583.0,387241.0,394773.0,402818.0,411237.0,419557.0,429035.0,438935.0,448892.0,460842.0,473864.0,486709.0,500042.0,513663.0
LVA,Latvia,Urban population,1611520.0,1588107.0,1567452.0,1551233.0,1536660.0,1522383.0,1507751.0,1494021.0,1476965.0,1452351.0,1423002.0,1397904.0,1381242.0,1367090.0,1354815.0,1344323.0
MAC,"Macao SAR, China",Urban population,427782.0,437938.0,448821.0,460165.0,471597.0,482858.0,493799.0,504511.0,515239.0,526400.0,538219.0,550832.0,564039.0,577372.0,590208.0,602085.0
MAR,Morocco,Urban population,15357109.0,15629771.0,15902629.0,16177169.0,16456158.0,16803551.0,17172379.0,17550446.0,17940030.0,18343899.0,18764987.0,19203936.0,19659923.0,20128269.0,20602941.0,21078590.0
MCO,Monaco,Urban population,32147.0,32470.0,32806.0,33153.0,33500.0,33843.0,34190.0,34525.0,34872.0,35226.0,35612.0,36024.0,36460.0,36901.0,37322.0,37718.0
MDA,Moldova,Urban population,1303686.0,1289104.0,1274481.0,1259288.0,1244624.0,1235389.0,1231068.0,1227328.0,1224104.0,1221672.0,1219566.0,1217974.0,1216928.0,1215716.0,1214089.0,1204392.0
MDG,Madagascar,Urban population,4276115.0,4454032.0,4637734.0,4827101.0,5022403.0,5283544.0,5555519.0,5838415.0,6132918.0,6438339.0,6755411.0,7084184.0,7425118.0,7778813.0,8146532.0,8528703.0
MDV,Maldives,Urban population,77410.0,82625.0,88379.0,94594.0,101130.0,107868.0,113946.0,117979.0,122303.0,127297.0,133252.0,140209.0,148038.0,156616.0,165767.0,175274.0
MEX,Mexico,Urban population,73899942.0,75268749.0,76634718.0,78013778.0,79428213.0,80890450.0,82408287.0,83973950.0,85573769.0,87182005.0,88781439.0,90370891.0,91948801.0,93515787.0,95072126.0,96615320.0
MHL,Marshall Islands,Urban population,34806.0,35533.0,36459.0,37489.0,38480.0,39309.0,39949.0,40427.0,40790.0,41115.0,41467.0,41854.0,42253.0,42673.0,43104.0,43545.0
MKD,North Macedonia,Urban population,1191346.0,1191774.0,1191042.0,1189365.0,1187143.0,1185316.0,1183886.0,1182746.0,1181986.0,1181773.0,1182165.0,1183224.0,1184931.0,1187282.0,1190233.0,1193701.0
MLI,Mali,Urban population,3103974.0,3277218.0,3462529.0,3660354.0,3871519.0,4095830.0,4334933.0,4588530.0,4855494.0,5132663.0,5417617.0,5709214.0,6008132.0,6316419.0,6637537.0,6973942.0
MLT,Malta,Urban population,360316.0,364105.0,367875.0,371319.0,374812.0,378170.0,380114.0,381739.0,384526.0,387733.0,389936.0,391879.0,395713.0,401597.0,409992.0,420192.0
MMR,Myanmar,Urban population,12625999.0,12849011.0,13066102.0,13277060.0,13481501.0,13679546.0,13869371.0,14052306.0,14233443.0,14419343.0,14616046.0,14825521.0,15046733.0,15274176.0,15501259.0,15729411.0
MNE,Montenegro,Urban population,354162.0,361755.0,369361.0,376961.0,381058.0,383698.0,386254.0,388857.0,391621.0,394521.0,397301.0,399777.0,402174.0,404636.0,407105.0,409418.0
MNG,Mongolia,Urban population,1369717.0,1408733.0,1448957.0,1490589.0,1533858.0,1578863.0,1625769.0,1674674.0,1726025.0,1780213.0,1837752.0,1882821.0,1921643.0,1962414.0,2004066.0,2045835.0
MNP,Northern Mariana Islands,Urban population,51795.0,52626.0,52763.0,52383.0,51795.0,51203.0,50650.0,50092.0,49597.0,49246.0,49086.0,49166.0,49482.0,49958.0,50479.0,50959.0
MOZ,Mozambique,Urban population,5153817.0,5334822.0,5527357.0,5729158.0,5936928.0,6147973.0,6362399.0,6580886.0,6868320.0,7172455.0,7490100.0,7821266.0,8166385.0,8527058.0,8905226.0,9302449.0
MRT,Mauritania,Urban population,1001877.0,1043559.0,1096793.0,1152888.0,1211822.0,1273518.0,1338057.0,1405585.0,1476319.0,1550313.0,1627876.0,1709106.0,1793972.0,1882254.0,1973428.0,2067215.0
MUS,Mauritius,Urban population,506439.0,509128.0,511325.0,513680.0,515544.0,517242.0,518278.0,519269.0,519756.0,519754.0,519604.0,519046.0,519081.0,518842.0,518383.0,517668.0
MWI,Malawi,Urban population,1628834.0,1680275.0,1731982.0,1785027.0,1840847.0,1900711.0,1964737.0,2032624.0,2103936.0,2179833.0,2260037.0,2344862.0,2434416.0,2528898.0,2627829.0,2731661.0
MYS,Malaysia,Urban population,14375105.0,14918252.0,15458510.0,15999895.0,16548747.0,17108405.0,17681869.0,18266045.0,18854125.0,19435329.0,20002882.0,20516662.0,21009012.0,21491648.0,21974918.0,22464989.0
NAM,Namibia,Urban population,580956.0,599952.0,625185.0,652223.0,680416.0,710045.0,741412.0,774474.0,809123.0,844925.0,881791.0,919553.0,958967.0,999630.0,1041822.0,1085690.0
NCL,New Caledonia,Urban population,132030.0,135341.0,138724.0,141907.0,144893.0,148559.0,152384.0,156245.0,160140.0,163862.0,167587.0,171852.0,176182.0,180545.0,184770.0,188988.0
NER,Niger,Urban population,1834126.0,1910772.0,1981482.0,2055424.0,2132568.0,2212886.0,2296698.0,2384028.0,2475070.0,2570548.0,2670629.0,2775330.0,2884956.0,2999170.0,3120561.0,3249670.0
NGA,Nigeria,Urban population,42603693.0,44726802.0,46947855.0,49272800.0,51708640.0,54260116.0,56934076.0,59734515.0,62665438.0,65723902.0,68917190.0,72230098.0,75664328.0,79214937.0,82878551.0,86652532.0
NIC,Nicaragua,Urban population,2797494.0,2847188.0,2895892.0,2944164.0,2992668.0,3042131.0,3094985.0,3148766.0,3203516.0,3258920.0,3314883.0,3371403.0,3428526.0,3486214.0,3544357.0,3602945.0
NLD,Netherlands,Urban population,12229998.0,12488742.0,12775902.0,13035570.0,13271929.0,13485107.0,13671225.0,13848922.0,14044865.0,14263741.0,14477657.0,14669707.0,14842886.0,14987369.0,15126226.0,15275237.0
NOR,Norway,Urban population,3414033.0,3447513.0,3482266.0,3518773.0,3554092.0,3591141.0,3632998.0,3684159.0,3744286.0,3805760.0,3867496.0,3935476.0,4008535.0,4078226.0,4145335.0,4207493.0
NPL,Nepal,Urban population,3207391.0,3395691.0,3520929.0,3646257.0,3772485.0,3900034.0,4030432.0,4163435.0,4294652.0,4418040.0,4529575.0,4626249.0,4711890.0,4795425.0,4892217.0,5013179.0
NRU,Nauru,Urban population,10337.0,10215.0,10102.0,9994.0,9902.0,9849.0,9828.0,9842.0,9891.0,9939.0,10005.0,10057.0,10279.0,10821.0,11853.0,12475.0
NZL,New Zealand,Urban population,3318432.0,3341111.0,3402067.0,3472292.0,3526736.0,3569251.0,3615494.0,3646829.0,3675355.0,3709702.0,3748563.0,3774624.0,3798063.0,3830023.0,3896881.0,3979802.0
OMN,Oman,Urban population,1623166.0,1642022.0,1670101.0,1706323.0,1756541.0,1818146.0,1883102.0,1953729.0,2037913.0,2146325.0,2285972.0,2476792.0,2713211.0,2969753.0,3227648.0,3471488.0
OSS,Other small states,Urban population,10421104.0,10715853.0,11019737.0,11345808.0,11712559.0,12137903.0,12625639.0,13187628.0,13790037.0,14391984.0,14973217.0,15521579.0,16040238.0,16537058.0,17034182.0,17541673.0
PAK,Pakistan,Urban population,46947759.0,48435634.0,49919690.0,51408755.0,52922901.0,54474508.0,56069495.0,57704173.0,59373384.0,61070625.0,62793242.0,64539555.0,66312625.0,68114463.0,69956952.0,71845558.0
PAN,Panama,Urban population,1884803.0,1930937.0,1977501.0,2024620.0,2072347.0,2120749.0,2169852.0,2219608.0,2270061.0,2321157.0,2372846.0,2425411.0,2478846.0,2533383.0,2589342.0,2646822.0
PER,Peru,Urban population,19326872.0,19683539.0,20014065.0,20323604.0,20619818.0,20909083.0,21194852.0,21477303.0,21722213.0,21951808.0,22185851.0,22421443.0,22662393.0,22922695.0,23221633.0,23571246.0
PHL,Philippines,Urban population,35981496.0,36689358.0,37399541.0,38104244.0,38793193.0,39459729.0,40099208.0,40715257.0,41319488.0,41929228.0,42597021.0,43505397.0,44437841.0,45385009.0,46329521.0,47262079.0
PLW,Palau,Urban population,13438.0,13588.0,13716.0,13787.0,13983.0,14075.0,14051.0,13919.0,13727.0,13551.0,13433.0,13399.0,13441.0,13532.0,13663.0,13807.0
PNG,Papua New Guinea,Urban population,772115.0,787576.0,802822.0,818125.0,834122.0,851417.0,870145.0,890077.0,910743.0,931464.0,951755.0,971386.0,990657.0,1010776.0,1032121.0,1054984.0
POL,Poland,Urban population,23611695.0,23622394.0,23621395.0,23563051.0,23506503.0,23453429.0,23396235.0,23340838.0,23300939.0,23274004.0,23165018.0,23134846.0,23086831.0,23025350.0,22960228.0,22897449.0
PRI,Puerto Rico,Urban population,3596716.0,3602364.0,3604909.0,3605100.0,3603694.0,3596360.0,3579032.0,3555977.0,3533033.0,3511647.0,3491721.0,3449657.0,3406460.0,3366210.0,3310445.0,3251779.0
PRK,"Korea, Dem. Peopleâ€™s Rep.",Urban population,13622622.0,13762041.0,13903312.0,14042586.0,14174848.0,14295887.0,14405015.0,14503807.0,14595809.0,14704640.0,14821851.0,14941462.0,15063396.0,15186524.0,15309785.0,15431897.0
PRT,Portugal,Urban population,5597602.0,5704057.0,5800192.0,5886957.0,5966051.0,6041725.0,6117343.0,6193886.0,6267228.0,6337144.0,6403809.0,6457743.0,6494283.0,6520333.0,6546012.0,6578828.0
PRY,Paraguay,Urban population,2945380.0,3038083.0,3131090.0,3209505.0,3283891.0,3356601.0,3427296.0,3496243.0,3564369.0,3632860.0,3702639.0,3774036.0,3846935.0,3918991.0,3990997.0,4063413.0
PSE,West Bank and Gaza,Urban population,2103044.0,2164070.0,2226847.0,2291359.0,2357720.0,2425915.0,2496025.0,2568140.0,2647431.0,2727093.0,2807401.0,2888204.0,2969835.0,3051946.0,3134764.0,3218283.0
PSS,Pacific island small states,Urban population,677908.0,689738.0,700543.0,711319.0,722944.0,735489.0,749659.0,765269.0,782368.0,799677.0,816239.0,831883.0,847114.0,862496.0,878962.0,896127.0
PYF,French Polynesia,Urban population,134897.0,137081.0,139145.0,142125.0,145483.0,148584.0,151391.0,153915.0,156234.0,158468.0,160718.0,162999.0,165323.0,166476.0,167460.0,168471.0
QAT,Qatar,Urban population,570612.0,593523.0,619668.0,660434.0,731412.0,842881.0,998892.0,1193054.0,1409929.0,1627412.0,1828501.0,2007410.0,2167459.0,2308185.0,2431360.0,2538642.0
ROU,Romania,Urban population,11895672.0,11697189.0,11469356.0,11415407.0,11378651.0,11336529.0,11297334.0,11159030.0,11001524.0,10936933.0,10898688.0,10871606.0,10826124.0,10778604.0,10730940.0,10678041.0
RUS,Russian Federation,Urban population,107528803.0,107067910.0,106569238.0,106133030.0,105771342.0,105433226.0,105152927.0,105037446.0,105055527.0,105149987.0,105261487.0,105407937.0,105669982.0,105998572.0,106354644.0,106703732.0
RWA,Rwanda,Urban population,1184181.0,1302910.0,1413808.0,1446502.0,1467703.0,1495057.0,1529861.0,1569212.0,1612027.0,1656223.0,1700061.0,1743484.0,1787432.0,1832232.0,1880560.0,1933197.0
SAU,Saudi Arabia,Urban population,16499665.0,16978440.0,17510539.0,18084339.0,18680566.0,19286107.0,19893608.0,20507062.0,21137735.0,21801430.0,22508632.0,23264870.0,24058860.0,24865453.0,25648738.0,26382755.0
SDN,Sudan,Urban population,8863016.0,9104028.0,9358045.0,9620038.0,9882156.0,10139061.0,10389194.0,10635642.0,10883297.0,11146285.0,11430599.0,11738569.0,12069179.0,12421899.0,12794292.0,13185766.0
SEN,Senegal,Urban population,3950446.0,4061009.0,4175902.0,4311249.0,4465213.0,4626131.0,4794667.0,4971099.0,5155659.0,5348369.0,5549606.0,5759380.0,5977690.0,6204708.0,6440431.0,6685973.0
SGP,Singapore,Urban population,4027887.0,4138012.0,4175950.0,4114826.0,4166664.0,4265762.0,4401365.0,4588599.0,4839396.0,4987573.0,5076732.0,5183688.0,5312437.0,5399162.0,5469724.0,5535002.0
SLB,Solomon Islands,Urban population,65254.0,68683.0,72269.0,75997.0,79845.0,83796.0,87840.0,91999.0,96333.0,100919.0,105826.0,111055.0,116607.0,122454.0,128547.0,134857.0
SLE,Sierra Leone,Urban population,1633299.0,1705143.0,1793088.0,1890693.0,1988623.0,2084308.0,2174480.0,2257433.0,2335492.0,2412870.0,2492859.0,2575940.0,2661001.0,2748063.0,2837172.0,2928221.0
SLV,El Salvador,Urban population,3468701.0,3524435.0,3578116.0,3630073.0,3680962.0,3731013.0,3780596.0,3832861.0,3904585.0,3976018.0,4047470.0,4119159.0,4191073.0,4263183.0,4335706.0,4408611.0
SMR,San Marino,Urban population,25660.0,26074.0,26463.0,26841.0,27248.0,27697.0,28137.0,28562.0,28993.0,29432.0,29899.0,30382.0,30876.0,31371.0,31814.0,32187.0
SOM,Somalia,Urban population,2949758.0,3088301.0,3229506.0,3411445.0,3599377.0,3793360.0,3993409.0,3812005.0,4104241.0,4411125.0,4734450.0,5074284.0,5284312.0,5502041.0,5729048.0,5966600.0
SRB,Serbia,Urban population,3966301.0,3976219.0,3989274.0,3997403.0,4004805.0,4009310.0,4010029.0,4010264.0,4009546.0,4009752.0,4009779.0,3994308.0,3985121.0,3973872.0,3963388.0,3951845.0
SSD,South Sudan,Urban population,1023148.0,1072397.0,1121014.0,1171505.0,1227929.0,1292714.0,1366953.0,1448497.0,1533770.0,1618271.0,1698194.0,1772671.0,1842403.0,1906880.0,1965953.0,2020116.0
STP,Sao Tome and Principe,Urban population,76002.0,78713.0,81914.0,85385.0,89124.0,93168.0,97571.0,102308.0,107258.0,112249.0,117155.0,121904.0,126532.0,131019.0,135469.0,139949.0
SUR,Suriname,Urban population,312914.0,317003.0,321120.0,325279.0,329467.0,333051.0,336600.0,340176.0,343778.0,347410.0,351043.0,354694.0,358349.0,361981.0,365656.0,369343.0
SVK,Slovak Republic,Urban population,3030239.0,3020933.0,3011770.0,3001728.0,2993058.0,2985293.0,2977317.0,2970070.0,2964549.0,2960369.0,2948302.0,2937801.0,2935234.0,2930811.0,2926070.0,2922832.0
SVN,Slovenia,Urban population,1009459.0,1011568.0,1014358.0,1019460.0,1024627.0,1030904.0,1038715.0,1049080.0,1055309.0,1069460.0,1078743.0,1085605.0,1092516.0,1098614.0,1104335.0,1109788.0
SWE,Sweden,Urban population,7454878.0,7478923.0,7508835.0,7542470.0,7577769.0,7613645.0,7666670.0,7738188.0,7813274.0,7894625.0,7976659.0,8059895.0,8150488.0,8250182.0,8362604.0,8481489.0
SWZ,Eswatini,Urban population,228093.0,228620.0,228524.0,228044.0,227487.0,227119.0,227008.0,227601.0,231460.0,235413.0,239375.0,243351.0,246607.0,249962.0,253486.0,257242.0
SXM,Sint Maarten (Dutch part),Urban population,30519.0,30600.0,30777.0,31472.0,32488.0,33011.0,33441.0,33811.0,33964.0,34238.0,34056.0,33435.0,34640.0,36607.0,37685.0,38825.0
SYC,Seychelles,Urban population,40917.0,41126.0,42595.0,42320.0,42382.0,42813.0,43966.0,44460.0,45755.0,46241.0,47880.0,46973.0,47790.0,49055.0,50219.0,51754.0
SYR,Syrian Arab Republic,Urban population,8524943.0,8771259.0,9000526.0,9238597.0,9523089.0,9875008.0,10319826.0,10835835.0,11339391.0,11713488.0,11877566.0,11507083.0,10948003.0,10287423.0,9638571.0,9388888.0
TCA,Turks and Caicos Islands,Urban population,17049.0,18415.0,19981.0,21662.0,23279.0,24727.0,25947.0,26981.0,27862.0,28667.0,29468.0,30262.0,31031.0,31773.0,32487.0,33173.0
TCD,Chad,Urban population,1807913.0,1880534.0,1957354.0,2037421.0,2119064.0,2201167.0,2283208.0,2365685.0,2449318.0,2535603.0,2627677.0,2726093.0,2830799.0,2941280.0,3056811.0,3177086.0
TGO,Togo,Urban population,1620473.0,1688670.0,1757064.0,1826543.0,1898627.0,1974456.0,2054409.0,2138197.0,2225741.0,2316434.0,2410249.0,2508569.0,2611032.0,2716584.0,2825148.0,2936586.0
THA,Thailand,Urban population,19758316.0,20680738.0,21613066.0,22554369.0,23508150.0,24472850.0,25451682.0,26439736.0,27438708.0,28447159.0,29469051.0,30179366.0,30828051.0,31477989.0,32127193.0,32772699.0
TJK,Tajikistan,Urban population,1647393.0,1674596.0,1703441.0,1733968.0,1766066.0,1799849.0,1835316.0,1872597.0,1911785.0,1952985.0,1996265.0,2041457.0,2090375.0,2143012.0,2199793.0,2260776.0
TKM,Turkmenistan,Urban population,2073492.0,2105731.0,2137291.0,2168971.0,2201756.0,2237156.0,2275566.0,2317262.0,2362653.0,2412432.0,2466840.0,2526247.0,2590490.0,2658556.0,2728846.0,2800285.0
TLS,Timor-Leste,Urban population,214574.0,221870.0,230480.0,240026.0,249874.0,259143.0,268074.0,276810.0,285473.0,294234.0,303256.0,312562.0,322088.0,331907.0,342118.0,352789.0
TON,Tonga,Urban population,22546.0,22692.0,22843.0,23003.0,23177.0,23365.0,23580.0,23826.0,24068.0,24243.0,24321.0,24278.0,24076.0,23795.0,23568.0,23457.0
TTO,Trinidad and Tobago,Urban population,708402.0,708528.0,709236.0,710360.0,711567.0,712648.0,713530.0,714283.0,715083.0,716116.0,717531.0,719345.0,721777.0,724636.0,727668.0,730645.0
TUN,Tunisia,Urban population,6158201.0,6250273.0,6337541.0,6423157.0,6509469.0,6593354.0,6684243.0,6781437.0,6883211.0,6986535.0,7089135.0,7190400.0,7291138.0,7392694.0,7497753.0,7608626.0
TUR,Turkey,Urban population,40942334.0,41943212.0,42979004.0,44016864.0,45048098.0,46065713.0,47064036.0,48048353.0,49047262.0,50096864.0,51225589.0,52440387.0,53730762.0,55071747.0,56438761.0,57806283.0
TUV,Tuvalu,Urban population,4323.0,4403.0,4495.0,4635.0,4804.0,4970.0,5133.0,5289.0,5442.0,5606.0,5770.0,5934.0,6101.0,6277.0,6450.0,6629.0
TZA,Tanzania,Urban population,7473332.0,7796649.0,8142549.0,8579714.0,9054501.0,9552982.0,10076208.0,10626392.0,11206812.0,11819029.0,12467582.0,13153008.0,13877188.0,14639705.0,15439583.0,16277264.0
UGA,Uganda,Urban population,3496914.0,3707367.0,3932636.0,4172736.0,4427391.0,4695306.0,4978580.0,5277760.0,5594570.0,5929787.0,6285552.0,6661237.0,7058364.0,7481010.0,7937588.0,8432535.0
UKR,Ukraine,Urban population,33019561.0,32692860.0,32432068.0,32238837.0,32075876.0,31932595.0,31801190.0,31694730.0,31605908.0,31547453.0,31465493.0,31395053.0,31360012.0,31330995.0,31223300.0,31183829.0
URY,Uruguay,Urban population,3055087.0,3069511.0,3078882.0,3085295.0,3091563.0,3099873.0,3111012.0,3124481.0,3139741.0,3155696.0,3171626.0,3187416.0,3201206.0,3214646.0,3228542.0,3242944.0
USA,United States,Urban population,223069137.0,225792302.0,228400290.0,230876596.0,233532722.0,236200507.0,238999326.0,241795278.0,244607104.0,247276259.0,249845296.0,252186596.0,254576561.0,256899730.0,259361210.0,261865944.0
UZB,Uzbekistan,Urban population,11370244.0,11634932.0,11900009.0,12162787.0,12428855.0,12700677.0,12984805.0,13301003.0,13648397.0,14014762.0,14554257.0,15007103.0,15199882.0,15408910.0,15640290.0,15884192.0
VCT,St. Vincent and the Grenadines,Urban population,48703.0,49144.0,49632.0,50137.0,50627.0,51083.0,51491.0,51865.0,52224.0,52594.0,53003.0,53460.0,53951.0,54478.0,55038.0,55626.0
VEN,"Venezuela, RB",Urban population,21182664.0,21651926.0,22057235.0,22460389.0,22858285.0,23248394.0,23622801.0,23979532.0,24328099.0,24683266.0,25050752.0,25452964.0,25875071.0,26249155.0,26482983.0,26518336.0
VGB,British Virgin Islands,Urban population,8485.0,8693.0,8943.0,9236.0,9583.0,9985.0,10454.0,10978.0,11522.0,12027.0,12456.0,12787.0,13036.0,13228.0,13398.0,13580.0
VIR,Virgin Islands (U.S.),Urban population,100587.0,100749.0,100952.0,101182.0,101373.0,101581.0,101716.0,101894.0,102152.0,102354.0,102499.0,102617.0,102691.0,102715.0,102718.0,102703.0
VNM,Vietnam,Urban population,19477364.0,20134757.0,20800243.0,21474148.0,22163653.0,22870388.0,23598140.0,24348000.0,25120981.0,25920396.0,26757120.0,27621281.0,28514086.0,29430443.0,30371288.0,31333193.0
VUT,Vanuatu,Urban population,40089.0,41539.0,43118.0,44808.0,46559.0,48342.0,50145.0,51986.0,53895.0,55918.0,57782.0,59598.0,61529.0,63545.0,65605.0,67677.0
WSM,Samoa,Urban population,38340.0,38706.0,38705.0,38510.0,38320.0,38134.0,37950.0,37775.0,37613.0,37465.0,37335.0,37226.0,37107.0,36970.0,36808.0,36601.0
YEM,"Yemen, Rep.",Urban population,4572841.0,4799795.0,5037894.0,5287133.0,5547434.0,5818280.0,6100787.0,6395609.0,6703156.0,7023785.0,7357687.0,7705088.0,8065870.0,8439118.0,8822594.0,9215171.0
ZAF,South Africa,Urban population,25582582.0,26143327.0,26720456.0,27305505.0,27898739.0,28506191.0,29131015.0,29774437.0,30442138.0,31137755.0,31866173.0,32630279.0,33428280.0,34248628.0,35078456.0,35905875.0
ZMB,Zambia,Urban population,3624957.0,3742481.0,3892210.0,4046912.0,4207899.0,4376259.0,4552286.0,4736246.0,4930109.0,5135535.0,5354635.0,5588383.0,5837255.0,6099716.0,6372726.0,6654564.0
ZWE,Zimbabwe,Urban population,4010949.0,4074401.0,4134391.0,4131351.0,4122109.0,4119362.0,4123872.0,4135516.0,4154577.0,4181251.0,4215136.0,4257058.0,4306222.0,4359425.0,4416215.0,4473868.0
