,country_name,country_code,indicator_name,2000,2001,2002,2003,2004,2005,2006,2007,2008,2009,2010,2011,2012,2013,2014,2015
0,Aruba,ABW,GDP per capita growth (annual %),5.427607588,-5.107188391,-5.405878435,-0.15295066400000001,6.031742435,-0.094958446,0.245882556,1.41000954,-0.22476420100000002,-10.60529961,-3.887759853,3.063882371,-1.864167717,3.5931979480000003,-0.294411895,5.125615922
2,Angola,AGO,GDP per capita growth (annual %),-0.267944537,0.8221137040000001,9.943764019,-0.43185056299999997,7.187035527000001,11.0308358,7.58232901,9.890011506,7.116873151,-2.8086344569999997,0.640294454,-0.220851379,4.706498162,1.2920414120000001,1.219834735,-2.468719084
3,Albania,ALB,GDP per capita growth (annual %),7.633866403,9.311123961,4.853922135,5.925630152999999,5.951880823,6.071390912000001,6.570331606,6.783926591,8.328035998999999,4.048888488,4.223037747,2.8215579280000003,1.585156475,1.187203907,1.9854261030000002,2.516852986
4,Andorra,AND,GDP per capita growth (annual %),1.9134518530000002,4.986929232,0.504740651,4.040888143,3.792889484,1.8924208740000001,2.057546351,-0.523712361,-6.8857857629999994,-5.9766680889999995,-1.958707356,0.8301015840000001,-3.452688295,-1.573745735,4.524455557,2.997046098
5,Arab World,ARB,GDP per capita growth (annual %),3.2729273130000003,-0.57999093,-1.557379515,3.0631644710000003,6.976221167,3.36264017,4.028850931,2.043404308,3.2768136969999997,-1.96523723,2.2318185969999997,1.3866702480000002,4.283180252,1.039801734,0.337680443,1.126315514
6,United Arab Emirates,ARE,GDP per capita growth (annual %),4.909503924,-3.7789714389999998,-2.7506149310000003,1.966528205,-0.037811251000000004,-7.020583817,-4.916643016,-11.34550429,-10.2087752,-15.15125558,-5.914810323999999,2.187920775,2.257926243,4.410159045,4.100219468,4.553055405
7,Argentina,ARG,GDP per capita growth (annual %),-1.874912415,-5.447091545,-11.85477684,7.676545539,7.884937565,7.729475205,6.955547382000001,7.924238139,3.029477312,-6.854227333,9.300128322,4.788683139,-2.14528445,1.265685175,-3.57858051,1.629664279
8,Armenia,ARM,GDP per capita growth (annual %),6.570363872000001,10.27915142,13.82342535,14.60612499,11.13382321,14.64312949,14.078643900000001,14.69598356,7.819137246,-13.519241699999998,2.582648083,4.728426774,6.914143642000001,2.82388904,3.07285853,2.736128724
10,Antigua and Barbuda,ATG,GDP per capita growth (annual %),4.3284969669999995,-6.02653774,-0.370000008,4.732194048999999,4.4030742,4.998241117,11.01965226,7.595499597000001,-1.619553235,-13.33177849,-9.182762663,-3.304233499,2.05110583,-1.803232595,2.622780496,2.7112068469999997
11,Australia,AUS,GDP per capita growth (annual %),2.701328764,0.565688738,2.7397161039999998,1.722900255,2.856048922,1.8511394980000002,1.289214061,3.197559712,1.601302301,-0.142470567,0.492053155,1.048854351,2.119683584,0.834364138,1.0151142229999999,0.732407044
12,Austria,AUT,GDP per capita growth (annual %),3.12743665,0.880259098,1.1526763309999999,0.45094652700000004,2.099711169,1.549877317,2.9434178589999997,3.391730827,1.1433071190000001,-4.0163400419999995,1.592577128,2.576448318,0.22245057699999998,-0.5622989429999999,-0.12237066699999999,-0.11154019
13,Azerbaijan,AZE,GDP per capita growth (annual %),10.19102962,9.051822301,8.625351139,9.37646097,8.301538012,26.66009473,32.99706632,24.04867893,8.293390791,7.121819526,3.54986089,-2.847182953,0.853886052,4.483203027,1.522431572,-0.147024804
14,Burundi,BDI,GDP per capita growth (annual %),-2.593683632,-0.23809071199999998,1.664524825,-4.155083318,1.5624040330000002,-2.294459325,2.046996795,0.104987386,1.456421292,0.45562297799999996,1.756376353,0.7484427790000001,1.198056673,1.687469876,1.021529748,-6.886405717000001
15,Belgium,BEL,GDP per capita growth (annual %),3.465452571,0.75248291,1.251984606,0.61587978,3.1239289180000003,1.760455594,1.8781831999999998,2.918338349,-0.343452718,-2.80592074,1.928764196,0.38003457,0.116402578,-0.013148386000000001,1.128595725,1.4518933680000001
16,Benin,BEN,GDP per capita growth (annual %),2.7455892889999998,2.195765819,1.5066204490000001,0.34653683799999996,1.3379072220000001,-1.24590171,0.975138263,3.00416767,1.976187395,-0.5151648870000001,-0.711514735,0.117033148,1.919610424,4.241378271,3.4393995760000005,-1.004112064
17,Burkina Faso,BFA,GDP per capita growth (annual %),-0.9663223479999999,3.6086245860000004,1.3945266180000002,4.72275998,1.4641198290000002,5.49347499,3.124187495,1.022485445,2.647510698,-0.107459606,5.220951243,3.4620964310000004,3.3092142210000004,2.684827068,1.282101663,0.91096233
18,Bangladesh,BGD,GDP per capita growth (annual %),3.257499679,3.1138050839999996,1.960382474,2.9418532660000003,3.5533602330000003,4.965842913,5.244531351,5.7534206889999995,4.806170346,3.8785014089999996,4.390966439,5.253090927,5.2982683889999995,4.794396988,4.856108324,5.368770649
19,Bulgaria,BGR,GDP per capita growth (annual %),5.300838382,5.904565725,8.278099417,5.9880706560000005,7.24831911,7.963428687,7.616424611,7.343463915,6.832886277,-2.7502906589999996,1.223588178,3.012992727,0.9395597240000001,0.888813875,2.466219592,4.655500599999999
20,Bahrain,BHR,GDP per capita growth (annual %),0.8526971320000001,-2.348075732,-1.937486192,0.350072344,0.388663246,-0.354026626,-1.226162597,0.192081605,-1.258588804,-3.554572872,-0.356144991,-0.9919294059999999,1.9892299269999998,4.2074988410000005,2.7066520460000003,-0.18730011
21,"Bahamas, The",BHS,GDP per capita growth (annual %),2.755340737,1.076378281,1.021524148,-2.989005042,-0.941028833,1.496735718,0.604841969,-0.464399671,-4.111736706,-5.799261533999999,0.011342386000000001,-0.683537045,1.9505852869999998,-3.6289493960000003,0.10957272800000001,-0.726544207
22,Bosnia and Herzegovina,BIH,GDP per capita growth (annual %),5.28001056,4.279462215,5.191462326,3.922984646,6.043001607000001,8.726415305,5.4114000120000005,5.933333719,5.680997699,-2.528479265,1.694976155,2.181032608,0.724391992,4.151709681,2.9113830739999997,4.6746582960000005
23,Belarus,BLR,GDP per capita growth (annual %),6.299636447999999,5.263892131,5.716082411,7.794917912000001,12.21261832,10.14976717,10.6755868,9.099459979,10.58130499,0.42365119100000004,7.982069182999999,5.572385837000001,1.780361776,0.987444297,1.63497133,-3.9826488639999997
24,Belize,BLZ,GDP per capita growth (annual %),9.214235214,1.507154695,1.8100927569999998,6.474354932000001,2.1047001340000002,-0.669130816,2.11020087,-2.076491367,0.8572750659999999,-2.275042319,0.507444336,-0.47696967100000004,0.061305658,-0.95854033,1.391470821,0.693388316
25,Bermuda,BMU,GDP per capita growth (annual %),8.348324238,6.071369604,-2.116731459,2.736270805,1.655070593,1.0180809259999999,4.94027207,2.763815335,-2.444780256,-6.148629405,-1.7363632359999999,-2.9078508289999996,-5.647262747999999,-0.591137895,-3.903606108,0.622598427
26,Bolivia,BOL,GDP per capita growth (annual %),0.544926185,-0.23570673399999997,0.579771055,0.83134905,2.298481738,2.574813306,2.97734206,2.7813235689999996,4.3685374,1.649225543,2.429280405,3.510971451,3.453698765,5.127573021,3.8437597119999998,3.28271794
27,Brazil,BRA,GDP per capita growth (annual %),2.9118264430000003,0.013369738,1.7094743890000001,-0.122936492,4.497077078,2.026307404,2.834754095,4.974704674,4.0544095680000005,-1.0819438959999998,6.5243728039999995,3.026406873,1.014509775,2.108911835,-0.352479218,-4.351483989
28,Barbados,BRB,GDP per capita growth (annual %),4.03788697,-2.718381719,0.44643660700000004,1.838780549,1.059787136,3.564575482,5.462261205,1.7535998169999998,0.25282489999999996,-5.468834383,-2.642146096,-0.973739962,-0.70578296,-1.6132558909999999,-0.31004386100000003,2.269530555
29,Brunei Darussalam,BRN,GDP per capita growth (annual %),0.702384417,0.668516263,1.850859099,1.0074909159999998,-1.212542787,-1.174474607,2.945930386,-1.1013403240000001,-3.091355247,-2.9121759999999997,1.347649387,2.416642103,-0.42789447399999997,-3.440627445,-3.780740986,-1.625874465
30,Bhutan,BTN,GDP per capita growth (annual %),4.555612681,6.083936498,8.762050804,5.7931970999999995,4.187319829,5.646036688,5.58845027,17.03176091,3.7482094210000003,5.692374686,10.77336789,6.768529448,3.87705671,0.8755329340000001,4.479326699,5.3500003419999995
31,Botswana,BWA,GDP per capita growth (annual %),-0.064676397,-1.625759367,4.205052917,2.83089265,0.894957601,2.606769099,6.189992328,5.993347155,4.0169686,-9.4420183,6.72754365,4.559402684,3.219347042,10.10258082,2.848876228,-3.185967241
32,Central African Republic,CAF,GDP per capita growth (annual %),-4.696903818,2.174749423,1.433364457,-7.324376182999999,3.888463844,-1.053466435,2.743704761,2.61553604,0.254521218,6.978613121,3.4586861680000003,3.443144974,4.632756721,-36.55681955,-0.282852498,3.663820259
33,Canada,CAN,GDP per capita growth (annual %),3.9452185639999997,0.309869781,2.303577137,2.879569828,2.9489982710000002,4.008877889,3.118693069,5.835793375,-0.080294839,-4.030419848999999,1.949628189,2.142309009,0.663247995,1.253613813,1.841026124,-0.089285801
34,Central Europe and the Baltics,CEB,GDP per capita growth (annual %),4.544590888,3.7809561819999997,4.226926742,4.394156514,6.043281761,5.277830579,6.830452765,6.7808803520000005,4.278518824,-3.23228243,2.078706197,3.4001674960000003,0.899819994,1.462298865,3.207636325,4.220426351
35,Switzerland,CHE,GDP per capita growth (annual %),3.3543838139999997,0.67337175,-0.592227608,-0.699890142,2.072135775,2.456799058,3.338088033,3.185584591,0.8649173259999999,-3.4362259930000003,1.935433894,0.5683703689999999,-0.060803527,0.68757165,1.206825727,0.186394392
37,Chile,CHL,GDP per capita growth (annual %),4.0942873539999995,2.146189438,2.000617675,3.005830357,6.1028393670000005,4.64670087,5.200451342,3.7903393889999997,2.4261971719999997,-2.6014468980000003,4.750223814,5.05778792,4.309217503999999,3.03152589,0.692556387,1.105944345
38,China,CHN,GDP per capita growth (annual %),7.638597676,7.5516548320000005,8.404879975,9.354776644,9.46155877,10.74137513,12.09330469,13.6358205,9.090280101,8.855947676,10.10283262,9.027174425,7.339468994,7.23540947,6.883229179,6.498792133999999
39,Cote d'Ivoire,CIV,GDP per capita growth (annual %),-4.580540605,-2.24521492,-3.827639325,-3.42246201,-0.857498876,-0.40700257799999995,-0.6514372079999999,-0.44488435299999995,0.271158496,0.916728923,-0.33644414899999997,-6.641118189,8.042352488999999,6.225706887,6.10311564,6.13206803
40,Cameroon,CMR,GDP per capita growth (annual %),0.8744002240000001,1.649184953,1.505406234,1.8083629780000001,3.9445480560000004,-0.7067754359999999,0.674389717,2.064855524,0.680831686,-0.575806015,0.619379565,1.314427049,1.7265535,2.577710656,3.061836081,2.8557664689999998
41,"Congo, Dem. Rep.",COD,GDP per capita growth (annual %),-9.255084665,-4.7740910880000005,-0.03120251,2.3876034319999997,3.433175672,2.8088119760000003,1.984891599,2.8498523280000003,2.783842465,-0.500573021,3.598840323,3.3664119930000003,3.5717901380000003,4.927562523,5.895886034,3.442604598
42,"Congo, Rep.",COG,GDP per capita growth (annual %),4.515335155,0.88258488,1.6610598319999998,-2.043275772,0.42444846700000005,4.415301448999999,4.45797493,-9.769602821,2.719083069,8.031165539,6.630033181,-0.6106687829999999,7.135116087,-3.130060248,3.4005254889999996,-5.608916716
43,Colombia,COL,GDP per capita growth (annual %),1.2873678240000002,0.096779498,0.9506809140000001,2.393939659,3.850805348,3.4233222260000002,5.350402516,5.4286348470000005,2.075784094,0.020713246,3.402533132,5.917244264,2.981272873,4.184821897,3.4483952319999998,1.757883717
44,Comoros,COM,GDP per capita growth (annual %),8.08688541,-0.158002157,-0.117108885,-0.300216019,-0.47240465,0.41653334299999994,0.222132637,-1.58712863,1.5300025240000001,0.744011366,1.325682766,1.613333795,0.733574939,2.014724713,-0.304632305,-1.2294629479999999
45,Cabo Verde,CPV,GDP per capita growth (annual %),12.22010348,0.466980654,3.5300983039999996,2.560349908,8.58327412,5.431257082,6.571033819,13.74275181,5.368075749,-2.452938768,0.234534183,2.676298838,-0.19432259300000002,-0.480116296,-0.654704681,-0.239305248
46,Costa Rica,CRI,GDP per capita growth (annual %),1.8169169230000002,1.6510204569999998,1.6079484130000001,2.674939862,2.827713386,2.40819857,5.759250942,6.7136825060000005,3.277983602,-2.232638559,3.653246237,3.052918159,3.5693563389999996,1.102147306,2.365020868,2.51140319
47,Caribbean small states,CSS,GDP per capita growth (annual %),2.9821601889999996,1.306697761,2.8577900019999998,4.892811697,3.217269245,2.9004779610000004,6.091573903,2.630724077,0.613145772,-4.214320754,0.642654759,0.423363824,0.586492145,0.083165139,-0.21213828199999998,0.29946651
48,Cuba,CUB,GDP per capita growth (annual %),5.517238203,2.8316395180000002,1.108003715,3.5197722610000004,5.5713950610000005,11.09089499,12.0691869,7.3586727960000005,4.24794498,1.544039045,2.398351377,2.7031458969999997,2.8279340860000004,2.514299704,0.831466817,4.2732602239999995
51,Cyprus,CYP,GDP per capita growth (annual %),4.844156273,2.83810542,2.5410721169999997,1.3836097719999998,3.63077652,3.353751857,2.9812866610000004,2.884096529,1.076560389,-4.610654371,-0.618661859,-2.127823532,-4.906824728999999,-6.335597521,-0.777603675,3.964918172
52,Czech Republic,CZE,GDP per capita growth (annual %),4.293071465,3.4308575460000004,1.76597432,3.613338965,4.7823657939999995,6.454261737,6.478203603,4.956085333,1.838240193,-5.1989819189999995,2.136880484,1.55018979,-0.92373445,-0.079052895,2.154500479,5.181402653999999
53,Germany,DEU,GDP per capita growth (annual %),2.7732212510000003,1.510558261,-0.36562832700000003,-0.755077167,1.197055352,0.7889171159999999,3.933610331,3.114245883,1.152029742,-5.454577168999999,4.339606777,5.869635737,0.230160993,0.163870563,1.784341886,0.617105353
55,Dominica,DMA,GDP per capita growth (annual %),2.611335244,-0.078583101,-3.073764728,5.95437673,2.637800831,0.361061904,4.467846562,6.238084027999999,7.072344204,-1.203234816,0.634445711,-0.277015422,-1.127317146,-1.071037328,4.346562989,-2.8250773060000003
56,Denmark,DNK,GDP per capita growth (annual %),3.4006845460000004,0.462534295,0.145880727,0.117358167,2.403233997,2.055110516,3.5720634639999997,0.46273149399999997,-1.094842128,-5.414013999,1.4194866309999998,0.920393685,-0.149916088,0.513424428,1.105433466,1.622166258
57,Dominican Republic,DOM,GDP per capita growth (annual %),3.079874083,0.942868802,2.9815788189999997,-2.7428907710000003,1.151470004,7.950955385,7.736305248,6.03369407,1.90860341,-0.304633347,7.01675047,1.892348699,1.4999632809999999,3.6507872289999996,5.8188099079999995,5.715425772000001
58,Algeria,DZA,GDP per capita growth (annual %),2.39950644,1.6596595319999998,4.262078601,5.840908374,2.9345037560000002,4.438277124,0.21481913100000002,1.808249405,0.738171149,-0.13466755,1.7467764630000002,0.9802046940000001,1.401796705,0.7616749620000001,1.710449516,1.6004783
59,East Asia & Pacific (excluding high income),EAP,GDP per capita growth (annual %),6.443457257,5.7172152,6.912074496000001,7.819143062999999,8.03685053,8.831194522,9.90961368,11.3237522,7.644047346,6.933518172,8.993658962,7.694625356,6.743260679,6.424618714,6.10136063,5.851727348
60,Early-demographic dividend,EAR,GDP per capita growth (annual %),2.62331947,-0.710635169,-0.140774037,3.095680942,4.996476685,4.389926335,4.453531693,4.201242187,1.86073776,-0.903896501,4.555494438999999,3.432754871,2.74435107,2.830174988,2.559470825,3.194055973
61,East Asia & Pacific,EAS,GDP per capita growth (annual %),3.925553981,1.782488522,2.762384436,3.456093787,4.392282141,4.292685109,4.775969992,5.739897372000001,2.806168006,0.695258279,6.350553699,3.914006248,3.986621374,4.060629264,3.481068977,3.495140825
62,Europe & Central Asia (excluding high income),ECA,GDP per capita growth (annual %),8.381921328999999,2.518388807,5.433844163,6.849773991,8.172930661,7.193051832,7.923196054,7.4098378789999995,3.73044624,-6.4534647860000005,5.003464838999999,5.655984845,3.322769728,3.349793208,1.458734741,0.17023592
63,Europe & Central Asia,ECS,GDP per capita growth (annual %),4.166722327,2.163084683,1.507024378,1.5709049130000001,2.942376447,2.460258855,3.6500390539999996,3.305359805,0.62233553,-4.834432395,2.23138723,2.147320842,-0.093094535,0.42335912,1.327272262,1.555557005
64,Ecuador,ECU,GDP per capita growth (annual %),-0.813530425,2.134650214,2.284687206,0.9848212479999999,6.4066799,3.543853785,2.669304909,0.494779993,4.607050248999999,-1.0581885340000001,1.8929275719999998,6.221051677999999,4.070252971,3.387280468,2.1989412269999997,-1.5075851230000001
65,"Egypt, Arab Rep.",EGY,GDP per capita growth (annual %),4.336347588,1.5854981119999998,0.481792714,1.293201932,2.203147324,2.602220204,4.967392881,5.22829914,5.267160095,2.7400729210000003,3.0808646160000004,-0.363937291,-0.012959637,-0.105957426,0.61685323,2.093722196
66,Euro area,EMU,GDP per capita growth (annual %),3.5272615710000004,1.814252454,0.464887214,0.159370311,1.738940467,1.1638053590000002,2.7470011660000004,2.462878625,-0.06880089999999998,-4.809035228,1.896567874,1.908415687,-1.109067496,-0.587521548,1.0459599309999998,1.735825966
68,Spain,ESP,GDP per capita growth (annual %),4.776451415,3.214081018,1.290050047,1.136253252,1.35870928,1.9156957380000001,2.357813153,1.7045220230000002,-0.709567924,-4.6118717060000005,-0.297088607,-1.166192626,-3.02242537,-1.111898854,1.687449704,3.9157684510000004
69,Estonia,EST,GDP per capita growth (annual %),9.575211205,6.656803753999999,7.481066567999999,8.243925793999999,7.40764515,10.11865781,10.36763369,8.065439465,-4.834112864,-14.26876405,2.924789127,7.770613056,3.494637426,1.707510078,3.257769918,1.778146655
70,Ethiopia,ETH,GDP per capita growth (annual %),3.0591258710000004,5.227310742,-1.354735345,-4.9113027869999994,10.40753969,8.733083824,7.80874178,8.437269944,7.793024525,5.843997442,9.460597148,8.094849899,5.616582788,7.499864344,7.213187282000001,7.391451495
71,European Union,EUU,GDP per capita growth (annual %),3.7790273,2.04958995,0.892463791,0.57248172,2.211009614,1.573256201,3.158900915,2.806563539,0.32270136899999996,-4.5517383680000005,2.067453985,2.0134249630000003,-0.897749164,-0.297803612,1.3194110479999999,2.078049748
72,Fragile and conflict affected situations,FCS,GDP per capita growth (annual %),0.8027993659999999,1.262769472,-2.4477603980000002,-4.990892174,11.17572008,5.022173932,4.904039241,4.152953596000001,3.220160592,0.49040296299999997,2.002443751,-1.9289175019999998,5.3471975380000005,1.410959771,-1.142532662,-0.43509098
73,Finland,FIN,GDP per capita growth (annual %),5.553997852999999,2.37665487,1.460928622,1.76083857,3.690587797,2.428689227,3.628941348,4.852313276,0.315886377,-8.513028487,2.714966735,2.073396315,-1.865591174,-1.357215611,-0.776108383,0.21302942
74,Fiji,FJI,GDP per capita growth (annual %),-2.270037241,1.634194943,3.031386763,0.898637462,5.07030856,0.24111655899999998,1.081580634,-1.8371795690000001,-0.063272142,-2.342098834,2.214559014,2.273244475,1.221403139,4.669003196999999,5.500152707000001,4.240470416
75,France,FRA,GDP per capita growth (annual %),3.214297735,1.24419212,0.402709909,0.111073709,2.075384202,0.899762871,1.737523986,1.792993391,-0.303770515,-3.371737167,1.44701285,1.699630101,-0.171212878,0.059905728,0.47908061700000004,0.7540243520000001
77,"Micronesia, Fed. Sts.",FSM,GDP per capita growth (annual %),5.203841492,2.385907246,0.681335902,1.694684574,-2.829274944,2.518765713,0.637724637,-0.964925516,-1.5592806830000001,1.6507188609999999,2.3229847219999997,2.650936845,-2.8584244310000004,-4.970996854,-3.687820874,3.229743778
78,Gabon,GAB,GDP per capita growth (annual %),-4.223985334,-0.271433911,-2.5960145409999997,-0.20343984699999998,-1.8274816880000002,-0.037660887000000004,-5.4980063139999995,2.954150185,-6.235207675,-3.0854742739999996,3.449408748,3.246103918,1.338213437,1.7209179769999998,0.61986238,0.47157020200000005
79,United Kingdom,GBR,GDP per capita growth (annual %),3.068548101,2.5786991930000003,1.892089809,2.806551752,1.7931556469999999,2.4737117790000003,2.035550362,1.63605844,-1.0628931000000001,-4.969350259,1.153474876,0.7496972209999999,0.7757347059999999,1.457701819,1.8545845909999998,1.5476970980000002
80,Georgia,GEO,GDP per capita growth (annual %),3.838100069,6.443911043,6.424463062999999,11.81131435,6.4516746220000005,10.28800429,10.04357676,13.16775225,2.730182663,-2.7909402539999997,7.027385327,8.264988721,7.1553782539999995,3.933646408,4.382901471,2.8600942430000003
81,Ghana,GHA,GDP per capita growth (annual %),1.190736061,1.4834404369999998,1.9737289180000002,2.645233338,3.0085700639999997,3.2672958380000003,3.7164437930000003,1.689108882,6.371104419,2.21104946,5.24929629,11.3154464,6.733563592,4.847493942,0.566072146,-0.11392682400000001
83,Guinea,GIN,GDP per capita growth (annual %),0.18964455100000002,1.486542129,3.094736454,-0.683337557,0.36055984,0.918712352,-0.985987834,4.462259222,1.777426058,-3.357143246,2.478878828,3.2983206369999998,3.614448206,1.637349182,1.306420595,1.262176995
84,"Gambia, The",GMB,GDP per capita growth (annual %),2.251821371,2.50396502,-6.294371704,3.50423128,3.716452327,-5.338218319,-3.53645469,0.001746634,3.1463217739999996,3.5401841239999996,2.782993457,-10.86200397,2.100140355,-0.202343346,-4.34615116,0.97413624
85,Guinea-Bissau,GNB,GDP per capita growth (annual %),3.305811837,0.039960644,-3.1436947039999996,-1.692528825,0.39971387799999997,1.828858615,-0.11554685199999999,0.778428599,0.6791406170000001,0.7926238320000001,1.95357842,5.291705532,-4.284108831,0.544731781,-1.671171599,3.399294497
86,Equatorial Guinea,GNQ,GDP per capita growth (annual %),13.45329327,56.78820178,14.61489119,9.262045956,32.16945386,11.67305616,2.905056773,10.06424252,12.4413324,-3.2381193560000003,-12.98168903,1.859272627,3.655755838,-8.160731147,-3.68850197,-12.71058299
87,Greece,GRC,GDP per capita growth (annual %),3.495563551,3.5916531430000003,3.542622825,5.542360562000001,4.801378927,0.304568202,5.3356017730000005,3.010983963,-0.5993896989999999,-4.552117496,-5.600777452999999,-8.997955034,-6.7978609720000005,-2.537258226,1.4130578130000002,0.220308559
88,Grenada,GRD,GDP per capita growth (annual %),4.478938796,-2.418655027,3.053054182,9.073500529,-0.9730808759999999,12.93634137,-4.244184855,5.864170342,0.6929146629999999,-6.907241752999999,-0.92707516,0.23377076800000002,-1.753110682,1.6663635159999999,6.622548322,5.76621355
89,Greenland,GRL,GDP per capita growth (annual %),6.911024645,0.999463557,-1.424258359,4.143053963,6.632323711000001,4.943236044,5.855030281,2.7487810789999996,6.593978749,0.8749065709999999,0.6953145559999999,-0.470283635,1.536976945,-0.726861643,5.091927333,-2.214918882
90,Guatemala,GTM,GDP per capita growth (annual %),1.117529149,-0.096568139,1.50710638,0.319059973,0.9822300409999999,1.137346418,3.26602915,4.224142608,1.309453186,-1.347241601,0.997474471,2.283970723,1.155743197,1.8913612869999998,2.653912156,2.34629492
92,Guyana,GUY,GDP per capita growth (annual %),-0.972939245,2.486631908,1.189250122,-0.679432707,1.482454114,-2.006935823,5.104254603,7.172461745,1.708436391,3.486658775,3.8997171369999997,4.833720125,4.806520157,3.122912247,1.140923671,0.155773968
93,High income,HIC,GDP per capita growth (annual %),3.401698094,0.9007690070000001,0.910963851,1.554063929,2.657908531,2.181880664,2.399612522,2.0467573669999997,-0.371860452,-4.008623793,2.289107879,1.4025867,0.710171131,0.88245517,1.4565609380000002,1.755662855
94,"Hong Kong SAR, China",HKG,GDP per capita growth (annual %),6.718590372,-0.17754713600000002,1.2075515909999999,3.259926531,7.8554986829999995,6.920110477000001,6.3474255070000005,5.553565472000001,1.518750328,-2.668901179,5.9864082960000005,4.112087394,0.583728095,2.6879361210000003,2.043206744,1.519968402
95,Honduras,HND,GDP per capita growth (annual %),4.396932354,0.024194432999999998,1.0987686079999999,1.942247685,3.655843027,3.547805735,4.120047598999999,3.819102897,1.979565807,-4.464448189,1.652207395,1.837489275,2.200291905,0.9476598709999999,1.250591786,2.0473663909999997
96,Heavily indebted poor countries (HIPC),HPC,GDP per capita growth (annual %),-0.17851591,1.343188126,0.6712213,1.5819128059999998,2.520526472,3.026330733,3.2578365939999996,3.3086016710000004,3.123604774,1.642887829,2.965889976,1.756647048,2.890411282,2.628673926,2.58612244,1.8527885919999998
97,Croatia,HRV,GDP per capita growth (annual %),3.881431966,6.996382927000001,5.6159609239999995,5.605728367999999,4.125517328,4.174300539,4.968592836,5.090587715,1.9055580090000002,-7.226150399,-1.092473909,0.146805607,-2.092972505,-0.169441845,0.06532771799999999,3.279516762
98,Haiti,HTI,GDP per capita growth (annual %),-0.8550322929999999,-2.013091224,-0.750993487,1.664383304,-2.837693626,1.9474901230000001,0.116862229,3.896371735,0.8715053559999999,4.669421024,-5.267883199,4.567238241,-0.924193314,1.6008490430000002,1.94779192,0.224715164
99,Hungary,HUN,GDP per capita growth (annual %),4.750944275,4.3130909289999995,5.039960756,4.383084073,5.055229739,4.451147689,4.193132894,0.39759178100000003,1.235394662,-6.55491152,1.350986876,2.226366856,-0.869998385,2.141630859,4.510099905,4.066661995
100,IBRD only,IBD,GDP per capita growth (annual %),4.393264456,2.116381587,2.973313042,4.20305516,6.56116725,5.781993795,6.804709255,7.3923958910000005,4.50020021,0.997114666,6.256482994,4.95391581,4.019596722,3.940509816,3.305040193,2.928302815
101,IDA & IBRD total,IBT,GDP per capita growth (annual %),3.999497962,1.9270900819999999,2.7916222810000004,3.8987101589999997,6.189717826,5.430474642,6.376819104,6.929339549,4.164628256,0.9056942040000001,5.855305345,4.536139562,3.688954945,3.6871792610000003,3.080988243,2.604535451
102,IDA total,IDA,GDP per capita growth (annual %),1.312510591,2.206595289,3.262947439,2.7263355860000003,4.22010353,3.761286699,3.7452034889999997,3.885166149,2.8788646360000003,3.024615353,3.796829067,2.143020529,2.411812372,3.542917146,3.410194811,1.617626301
103,IDA blend,IDB,GDP per capita growth (annual %),1.287145166,1.992533235,5.096947081000001,2.75629454,5.118812277,3.501638963,3.324616663,3.262245718,1.8527653640000001,3.562427586,3.729896311,2.291432691,2.184073503,3.289301865,3.4926650089999995,1.3678014530000002
104,Indonesia,IDN,GDP per capita growth (annual %),3.482209125,2.235181135,3.090633543,3.3765361310000004,3.6309022680000003,4.289595233,4.107515275,4.946465429,4.620033267,3.247327414,4.812281788,4.7482206080000005,4.606284255,4.151271234,3.63914313,3.5554395660000004
105,IDA only,IDX,GDP per capita growth (annual %),1.339703729,2.451441795,1.433362489,2.741062949,3.3282051210000003,4.056314134,4.188652343999999,4.516509407,3.9014239089999996,2.454738891,3.791597377,1.919561202,2.5874404230000003,3.7426057889999997,3.2760171000000002,1.827902422
106,Isle of Man,IMN,GDP per capita growth (annual %),4.013533747,4.3663873980000005,5.366053781000001,5.239440191,4.35861167,4.864802939,6.401531648,6.035063342999999,3.5182162189999997,1.049668152,2.8138916060000003,1.965153264,7.751844062999999,4.832474686,5.769951755,-0.08181197
107,India,IND,GDP per capita growth (annual %),2.021088695,3.0273776239999997,2.064875058,6.093705485,6.193653447999999,6.231948516,6.403284515,6.04817406,1.587598136,6.351088711,7.042346887000001,3.893930345,4.165499831,5.134956907,6.186731983,6.797039412
109,Ireland,IRL,GDP per capita growth (annual %),7.996473309,3.61551216,4.14986485,1.35541781,4.787881101,3.422103982,2.2760273840000003,2.322977189,-6.40803321,-6.038408704,1.256741256,-0.093176303,-0.19808691399999998,0.819363159,7.766030647999999,23.98551006
110,"Iran, Islamic Rep.",IRN,GDP per capita growth (annual %),4.53123959,-0.473652305,5.933302091,7.396782151,3.120610975,1.990106181,3.8205239730000002,6.970587537,-0.8391177329999999,-0.10654877900000001,4.596446951,1.445852238,-8.553295826,-1.423452111,3.274962297,-2.611099313
111,Iraq,IRQ,GDP per capita growth (annual %),-1.595124481,-0.6977032390000001,-9.60273921,-34.95975478,50.23649871,2.04115422,8.047833126,-0.304533686,6.418958936,1.283336826,3.652116069,4.104583693,9.775158058999999,3.488253135,-2.97222802,-0.864992152
112,Iceland,ISL,GDP per capita growth (annual %),3.4652123360000004,2.526827808,-0.21350660899999999,1.562379027,7.097814877999999,4.660161746,2.806959291,6.632994135,0.112891992,-7.094788205,-3.296816891,1.5708790069999998,0.7588699879999999,3.15350751,0.95324298,3.663229279
113,Israel,ISR,GDP per capita growth (annual %),4.65304355,-2.213500935,-2.008475984,-0.836223954,2.360449051,2.095888893,3.7146592430000003,3.9114237339999995,1.18282728,-1.459435315,3.689579176,2.864801,0.386733509,2.222617426,1.785509965,0.283374892
114,Italy,ITA,GDP per capita growth (annual %),3.739946533,1.894123995,0.104759514,-0.305508789,0.7693176629999999,0.323656244,1.48515736,0.975922133,-1.6159406269999999,-5.711508383,1.400915343,0.53428744,-3.24206012,-2.9724037999999995,-0.91781388,0.875477402
115,Jamaica,JAM,GDP per capita growth (annual %),0.041715004,0.587088154,1.310085832,3.031487722,0.744491228,0.341902101,2.361020777,0.925568684,-1.298394126,-4.814344711,-1.978737585,1.17350906,-1.180237892,-0.081224992,0.116180484,0.36815251
116,Jordan,JOR,GDP per capita growth (annual %),2.399283625,3.3563140330000003,3.7910764739999996,1.928088534,5.722527769,4.669197135,4.017438006,3.6151618589999996,2.306174204,-0.10740268300000001,-2.87420427,-2.646837422,-2.985785566,-2.563025009,-1.247653818,-1.33635585
117,Japan,JPN,GDP per capita growth (annual %),2.607851314,0.164695475,-0.114538322,1.311201372,2.170289266,1.6531225969999999,1.355753419,1.537441316,-1.141424849,-5.404594188,4.173027538,0.069762808,1.6573175930000001,2.147531753,0.507999337,1.3304008809999999
118,Kazakhstan,KAZ,GDP per capita growth (annual %),10.13050011,13.69319315,9.795470244,8.93293015,8.841004825,8.729207192,9.535335075,7.661436102000001,2.049064285,-1.433769665,5.794225111,5.873514057,3.3340559830000003,4.485116946000001,2.676714897,-0.268267118
119,Kenya,KEN,GDP per capita growth (annual %),-2.125173164,0.987024476,-2.1437102759999997,0.18086419,2.28317848,3.0450120480000002,3.576204044,3.9330780410000004,-2.503373226,0.50385534,5.494076785,3.288144617,1.8157403000000003,3.142205435,2.694788349,3.116621981
120,Kyrgyz Republic,KGZ,GDP per capita growth (annual %),4.1948241369999995,4.326996485,-0.930865805,5.91400162,5.739479900000001,-1.2950748490000001,2.0004263769999997,7.512743443,7.376440527000001,1.651651389,-1.651752879,4.674715629,-1.7381425959999999,8.735789299,1.957996974,1.758864405
121,Cambodia,KHM,GDP per capita growth (annual %),8.263891505,5.2798253410000004,4.619701687,6.662297758999999,8.564587989,11.48491556,9.091523383,8.583123209,5.124904661,-1.402999106,4.344574274,5.381872448999999,5.577863206,5.599972823,5.401782611000001,5.333233003
122,Kiribati,KIR,GDP per capita growth (annual %),4.457261008,-3.138205043,2.056581916,0.249475683,-3.4380956,2.875902633,-2.1872443180000003,-0.273674414,-4.306154413,-1.3635139019999998,-2.8461694060000005,-0.152553371,3.096892794,2.7465520530000003,-2.060395026,8.873685914
123,St. Kitts and Nevis,KNA,GDP per capita growth (annual %),8.833888487000001,4.084269552,0.097476702,-5.153414917,2.707701647,8.493841318,2.101575729,-0.317601932,5.220694245,-4.879099244,-1.444823709,0.9407678209999999,-3.0884983160000004,4.447700633999999,5.347046391,0.18919158100000003
124,"Korea, Rep.",KOR,GDP per capita growth (annual %),8.15268966,4.051006403,7.10433311,2.614039827,4.781286153,4.087645147,4.712927655,5.266361146,2.23375226,0.27526898,6.274019889,2.891411994,1.865599496,2.6961509610000003,2.556219509,2.268429401
125,Kuwait,KWT,GDP per capita growth (annual %),-0.091234129,-2.5577210480000003,1.389046169,15.9892385,8.29318831,7.2128151879999995,2.827948695,0.474171732,-3.38464271,-12.51226746,-7.945001125,3.531964916,0.869458864,-3.9427054239999997,-3.980074304,-3.200601832
126,Latin America & Caribbean (excluding high income),LAC,GDP per capita growth (annual %),2.249429655,-0.7552536040000001,-1.1957103279999999,0.099801365,4.877754697,3.001732136,4.051782454,4.41192081,2.816177573,-3.044704818,4.822767165,3.2091717760000003,1.5547561680000002,1.647500196,-0.10106959800000001,-1.088195555
127,Lao PDR,LAO,GDP per capita growth (annual %),4.042908476,4.072513692,4.305565286,4.48085875,4.7504045989999995,5.441497482999999,6.865364104,5.807321331,6.011861177,5.718366896,6.7808303,6.363803167,6.4007611970000005,6.42812696,6.016330555,5.656391582
128,Lebanon,LBN,GDP per capita growth (annual %),-1.163788064,-0.016863782,-1.305198004,-1.6226082519999998,2.45363981,-0.141773294,0.248290985,9.13656818,9.128713238,9.12629003,4.922417632,-3.965946244,-3.6854442,-2.788147688,-3.2289296660000004,-3.934312873
130,Libya,LBY,GDP per capita growth (annual %),2.093129007,-3.30336025,-2.5317536880000002,11.21721078,2.822358383,10.16409961,4.90385457,4.787413685,1.244610718,-2.0069941890000003,3.942229663,-62.37807684,121.7795426,-14.073108800000002,-24.49787957,-9.661168441000001
131,St. Lucia,LCA,GDP per capita growth (annual %),-1.058159102,-4.293505817,-0.34773563,3.525477818,6.414922787999999,-1.3859871959999999,4.9341239969999995,0.321891514,3.4850649710000003,-4.075833035,0.515947863,4.606706364,-0.822451535,-3.647288403,1.311785234,-1.8175416930000001
132,Latin America & Caribbean,LCN,GDP per capita growth (annual %),2.2861958380000003,-0.526945019,-1.061000531,0.236984285,4.983617484,2.961107479,3.984859043,4.26389867,2.714092369,-2.990640258,4.672085269,3.2127154460000003,1.662050204,1.687484541,-0.047602252000000005,-0.921423999
133,Least developed countries: UN classification,LDC,GDP per capita growth (annual %),1.4932037809999998,2.61460338,2.7162604760000004,2.7890883260000003,4.055194496,5.44304597,4.998687643,5.729057172,4.616438262,2.3711631769999997,3.727959713,1.467670875,2.486530573,3.3273184999999996,3.1451409110000004,1.20251276
134,Low income,LIC,GDP per capita growth (annual %),-0.015474263,2.175221831,1.322957126,2.202879285,2.709321979,3.942035175,3.6014174530000003,4.539333357,3.539227438,2.248867314,3.663984679,-0.38758942700000004,0.103426449,3.0169509480000003,2.452025625,-0.502282797
136,Sri Lanka,LKA,GDP per capita growth (annual %),5.3547108,-2.243684598,3.142490894,5.049968036,4.557887353,5.383795801000001,6.842935864,6.010615485,5.197557743,2.82103706,7.279064155,7.677029435,9.00387327,2.59207381,3.9857552060000003,4.046239566000001
137,Lower middle income,LMC,GDP per capita growth (annual %),2.287270987,2.69659603,2.854205359,4.613604844,5.455621162999999,4.86048388,5.137511147,5.118783661,2.572286533,3.237057174,5.159107014,3.212668842,3.4951601039999995,3.9314137369999997,4.2163075910000005,4.065357288
138,Low & middle income,LMY,GDP per capita growth (annual %),4.05696856,1.960910827,2.8338512710000003,3.972042258,6.242472019,5.561614088,6.4386504229999995,7.003847476000001,4.170059481,1.035415094,6.056649537,4.590680541,3.796138649,3.7884908669999997,3.12965081,2.620039287
139,Lesotho,LSO,GDP per capita growth (annual %),3.2075212580000003,3.41222284,1.017150617,5.154545799,2.321405473,3.9754411469999997,4.553532324,4.992145147,6.7284145010000005,2.000214348,0.549468741,4.923699713,6.150150461,3.4920485439999998,2.1328700069999997,1.873221305
140,Late-demographic dividend,LTE,GDP per capita growth (annual %),5.968787511,3.951328295,4.82419831,5.590244597000001,7.1899872270000005,6.490824347,8.041856987000001,8.938998225,5.849799067999999,1.997274571,6.978172516,6.06502837,4.7790578539999995,4.584234255,4.023965826,3.3608864080000003
141,Lithuania,LTU,GDP per capita growth (annual %),4.427475848,7.407519796,7.611827256000001,11.46771748,7.773001207,9.501044182000001,9.142617037,12.43525018,3.6752409260000003,-13.88775336,3.80531559,8.461109064,5.246002459,4.603327729,4.431087654,2.9889129710000004
142,Luxembourg,LUX,GDP per capita growth (annual %),6.794702707999999,1.318613013,2.737471165,0.401759175,2.149921408,1.605862277,3.5141420169999997,6.693996311,-3.028532567,-6.1133728739999995,2.968122988,0.285278376,-2.717089366,1.2862077570000001,1.86727724,1.873669535
143,Latvia,LVA,GDP per capita growth (annual %),6.695509679,7.704861867000001,8.334172654,9.487466533,9.691840517000001,11.92803765,13.01830912,10.92878857,-2.305971033,-12.83237465,-2.396388924,8.425155474,5.552871613,3.411842755,2.029984434,4.861796235
144,"Macao SAR, China",MAC,GDP per capita growth (annual %),3.4237064669999997,0.502669617,6.305378787,8.90045525,23.68285403,5.539388731,10.80348579,12.01762481,1.241062555,-0.826950941,22.51278636,18.88663519,6.6795172879999996,8.632195208999999,-3.349794559,-23.14119319
146,Morocco,MAR,GDP per capita growth (annual %),0.667222054,6.0261969660000005,1.893682386,4.710812722,3.5683688410000003,2.084411376,6.322032263,2.324123627,4.667095676000001,2.964362835,2.485646027,3.835323653,1.580512366,3.060343754,1.229493548,3.1031114
147,Monaco,MCO,GDP per capita growth (annual %),2.930828366,1.171205354,-0.008221203,0.029491315,1.4090737580000001,0.86270165,4.730114776000001,13.31858241,-0.33486834,-12.19138198,0.9933336079999999,5.776260271,-0.20778844600000002,8.29018032,5.99076219,3.798657644
148,Moldova,MDA,GDP per capita growth (annual %),2.315578644,6.337531865,8.04993381,6.900592116,7.666093328,7.761891042999999,5.091683561,3.238947505,8.005416601,-5.881267427,7.207007000000001,5.879366918,-0.5766970920000001,9.073084300000001,5.063648262,0.45004942299999995
149,Madagascar,MDG,GDP per capita growth (annual %),1.2484164709999999,2.7597813660000003,-15.04216609,6.518985015,2.1597996569999998,1.7067168590000001,2.3641855659999997,2.701047529,3.708452507,-6.6519403829999995,-2.1518563530000003,-1.188666683,0.233004509,-0.43792379299999995,0.5853723479999999,0.39078863
150,Maldives,MDV,GDP per capita growth (annual %),1.663694726,-6.261285308,4.395119454,10.5568273,3.110259029,-15.39671978,23.07738083,5.245089047,6.844885057000001,-9.839784206000001,3.6471372160000004,4.354973708,-1.80332647,2.54266069,2.537708611,-1.616077926
151,Middle East & North Africa,MEA,GDP per capita growth (annual %),3.7891537580000003,-0.685648956,-0.289263807,3.5132384460000003,5.951124644,2.98322491,3.866099718,2.951019725,2.273962337,-1.6417984330000002,2.798061591,1.6368976830000002,1.815557087,0.785947133,0.987562719,0.5335469310000001
152,Mexico,MEX,GDP per capita growth (annual %),3.440985879,-1.7929036130000002,-1.402932265,0.072262315,2.494832985,0.869515797,2.984438342,0.782568094,-0.357632988,-6.67416705,3.6171894360000003,2.227160852,2.247145121,0.029449417000000002,1.544045264,2.019023395
153,Marshall Islands,MHL,GDP per capita growth (annual %),0.695065375,5.436264337999999,1.863540826,-3.614616958,-0.940880335,0.837275535,-0.25066522,2.248406648,-6.957270359,1.306744525,7.334043656,-1.045811719,-2.690509666,3.3150567310000003,-1.357486931,1.131431293
154,Middle income,MIC,GDP per capita growth (annual %),4.211616175,2.0590249330000003,2.96409935,4.112728218,6.416299414,5.708080026,6.607372923,7.170352488,4.306593799999999,1.137162818,6.217754846,4.786725432,3.967218258,3.914829769,3.256069034,2.78699934
155,North Macedonia,MKD,GDP per capita growth (annual %),4.013498588,-3.447947544,1.192195412,1.998684525,4.489781993,4.560161247,4.991381662,6.355178745,5.375728757,-0.44173607,3.273797407,2.253668163,-0.5421326360000001,2.8365643389999997,3.543936934,3.778297696
156,Mali,MLI,GDP per capita growth (annual %),-2.831820076,12.04794879,0.041694827000000004,5.787853267000001,-1.6124503980000002,3.145433507,1.270556902,0.096615525,1.34261628,1.443562178,2.0394478080000003,0.11806850099999999,-3.721793505,-0.629941899,4.021826002,3.099920155
157,Malta,MLT,GDP per capita growth (annual %),6.083458857999999,-1.9141992230000002,1.803475664,3.3917850510000003,-0.530048461,2.7266844439999995,2.137339982,4.409935138,3.153000289,-1.876429626,5.026498887,0.042271314000000004,3.185667141,4.002804766000001,5.505675834,7.0234124410000005
158,Myanmar,MMR,GDP per capita growth (annual %),12.43457182,10.15235644,10.90518951,12.78773931,12.59285207,12.67468886,12.27076439,11.26826335,9.574806889,9.844419191,8.875133566,4.784289857,6.449430572000001,7.508547127999999,7.10610606,6.180617815
159,Middle East & North Africa (excluding high income),MNA,GDP per capita growth (annual %),2.60098366,0.44185936,1.5429271269999998,1.010737492,6.229065954,2.743004207,3.684113398,4.248628583,1.732967067,0.754345705,3.39076765,-2.704076174,0.9553086340000001,-0.103903127,0.306866713,-1.009946704
160,Montenegro,MNE,GDP per capita growth (annual %),3.279119285,0.693871395,1.496370321,2.0744139280000002,4.2411566689999995,4.026601866,8.431555487,6.662736441,7.0326262889999995,-5.996976677,2.546301281,3.120042991,-2.805617761,3.4479664260000003,1.685007436,3.3323919710000003
161,Mongolia,MNG,GDP per capita growth (annual %),0.25193833600000004,2.009383997,3.717785665,5.8997669770000005,9.401050743999999,5.978681774,7.18034816,8.761902579,7.324809847,-2.815705841,4.562359683,15.15416281,10.15919245,9.43696905,5.745360276,0.388160071
163,Mozambique,MOZ,GDP per capita growth (annual %),-1.491682486,8.94999119,6.132639965,3.743985442,4.775742608,3.610162641,6.6440486110000005,4.781146598,4.411447043,3.44780638,3.619948623,4.5044542210000005,4.345768201,4.042374111,4.434559392,3.7403037660000003
164,Mauritania,MRT,GDP per capita growth (annual %),-6.425227832000001,-3.4491355180000003,-1.3810082869999998,3.969874403,1.807364212,5.516753917999999,14.99786616,-4.743068804,-3.164937347,-2.7684484339999997,-0.339731916,1.1491033529999999,1.428659612,1.124091673,1.266610002,2.370888968
165,Mauritius,MUS,GDP per capita growth (annual %),7.144715981,2.534262837,0.9119102029999999,5.161670447,3.6778093189999996,1.176699104,4.377586804,5.246496948,5.006539083,3.041100454,4.129198864,3.9110012480000003,3.2094994519999998,3.132851975,3.556904271,3.416023973
166,Malawi,MWI,GDP per capita growth (annual %),-1.10652179,-7.32932715,-0.7454541840000001,3.181805614,2.835450559,0.6177700970000001,1.8936214180000002,6.5760820110000004,4.612470375,5.259064738,3.849632629,1.8931871319999998,-0.985564538,2.255964336,2.778269574,0.002055023
167,Malaysia,MYS,GDP per capita growth (annual %),6.3575027010000005,-1.6651443519999998,3.217412644,3.687927508,4.6985524839999995,3.2822949219999997,3.5242832969999998,4.23645493,2.847079678,-3.285586651,5.623537377999999,3.666156277,3.9596346560000004,3.270114061,4.595193579,3.687568749
168,North America,NAC,GDP per capita growth (annual %),3.0634376939999997,0.031972718,0.930698137,2.060725976,2.8515535830000003,2.6922973669999997,1.9825709580000002,1.365332716,-0.981906718,-3.4516276739999996,1.7382273999999998,0.9484914320000001,1.422033316,1.15450871,1.786118075,1.9361144630000002
169,Namibia,NAM,GDP per capita growth (annual %),1.7210346109999999,-0.436584691,3.212408073,2.709079127,10.58480905,0.911969165,5.280924958,3.525639252,0.797146725,-1.518571769,4.146043531,3.24811087,3.2386945039999997,3.78350527,3.900747107,2.654057431
171,Niger,NER,GDP per capita growth (annual %),-4.7100731730000005,3.436067635,1.14331111,-1.529128781,-3.290577468,3.4043456180000002,2.040232877,-0.659988993,3.7366957289999996,-1.8488170330000002,4.483462374,-1.53408107,6.321913893,1.27956326,2.563263407,0.418197886
172,Nigeria,NGA,GDP per capita growth (annual %),2.419141981,3.290568216,12.45747078,4.65778623,6.4895996810000005,3.721623978,3.326217191,3.822070229,3.972514064,5.197959199,5.158545242,2.525324016,1.4728674640000001,3.853730553,3.513963445,-0.029295428999999998
173,Nicaragua,NIC,GDP per capita growth (annual %),2.494426358,1.438772315,-0.673823995,1.110619944,3.882793224,2.8682069739999996,2.734230433,3.6417628669999997,2.023375314,-4.607272814,3.0024794619999997,4.894348035,5.08177527,3.5427586489999996,3.4170442580000002,3.436413385
174,Netherlands,NLD,GDP per capita growth (annual %),3.4535382560000003,1.557458129,-0.42036774,-0.315789835,1.63118807,1.812699193,3.29494984,3.547359498,1.773356664,-4.161038495,0.8242598529999999,1.0786282740000002,-1.395919336,-0.42417869399999997,1.059101254,1.508266184
175,Norway,NOR,GDP per capita growth (annual %),2.5373017559999997,1.5595488519999998,0.900636375,0.31996727399999997,3.356838854,1.92887818,1.5783825619999998,1.934029482,-0.7681188870000001,-2.958585549,-0.54479433,-0.31999195199999997,1.362949722,-0.18021605100000002,0.8260562359999999,0.957500763
176,Nepal,NPL,GDP per capita growth (annual %),4.287486107,3.05231948,-1.4125814230000002,2.472762204,3.2886990560000005,2.172227072,2.086993751,2.173376985,4.974640788,3.689462275,4.313243158,3.313879795,4.98141892,4.407231331,6.032235943,2.909442183
178,New Zealand,NZL,GDP per capita growth (annual %),2.3022079669999997,2.856276275,2.87173451,2.506763375,2.493260743,2.160712592,1.600424043,2.113659896,-1.8664622880000001,-1.139260957,0.433213654,1.5812877580000002,1.6805984680000001,1.843275855,2.072257178,1.6799311430000001
179,OECD members,OED,GDP per capita growth (annual %),3.255311162,0.663937775,0.794396804,1.3090960109999998,2.4703851119999998,2.099521233,2.334265949,1.9612774030000002,-0.507570956,-4.119634574,2.268234996,1.339696277,0.658219939,0.864319305,1.393486943,1.750407637
180,Oman,OMN,GDP per capita growth (annual %),5.937075007000001,3.254073289,-2.790805587,-4.761438031,-1.1660864659999999,-0.192541887,2.533930377,1.44940581,4.510566954,1.4924883,-3.812366054,-3.961918957,1.3477050769999999,-2.3429801980000002,-5.153459647,-1.256302023
182,Pakistan,PAK,GDP per capita growth (annual %),1.5361239969999998,0.975940308,0.060403549,3.328598687,5.095224837,4.100529363,3.4981085210000002,2.4679593730000002,-0.574302682,0.560539366,-0.60130091,0.553814319,1.328979726,2.223277179,2.507376248,2.567413562
183,Panama,PAN,GDP per capita growth (annual %),0.711048054,-1.35671283,0.296357993,2.261697975,5.538679386,5.232317432,6.683938828,9.973369182,7.9020809860000005,-0.539360011,3.9838421939999997,9.397799359,7.9114865960000005,5.096771298,3.2925755569999997,3.943093867
184,Peru,PER,GDP per capita growth (annual %),1.2131358540000001,-0.656163165,4.279639615,3.132750648,4.000778546,5.362300567,6.626215977,7.633650272000001,8.250627366,0.28706844600000003,7.455358648,5.467384491000001,5.267528821,4.90257197,1.305704682,1.9633170880000002
185,Philippines,PHL,GDP per capita growth (annual %),2.1811000469999997,0.874866204,1.5589726609999999,2.952687745,4.482680277,2.9783697019999997,3.444173298,4.712140541,2.626705391,-0.211697948,5.561001857999999,2.115924619,5.090725952,4.959420033,4.611106406,4.681873396
187,Papua New Guinea,PNG,GDP per capita growth (annual %),-4.6862788339999994,-2.245084264,-2.1887852569999997,0.11608504,0.605595554,4.041721296,2.9995751760000005,5.255896221,-2.6930325510000004,4.280554875,7.631814837,-1.08035047,2.47919334,1.726992563,11.28121975,4.461400172
188,Poland,POL,GDP per capita growth (annual %),5.658715074,1.286410848,2.083176394,3.568276628,5.044268419,3.552347627,6.198421176,7.119699396000001,4.185753117,2.762525787,4.037233683,4.701325268,1.325133072,1.186825793,3.4559820039999996,4.305813693
189,Pre-demographic dividend,PRE,GDP per capita growth (annual %),0.148333402,1.927201561,3.0867422110000002,-3.1316795589999997,9.497587005,3.661719311,4.121049012,3.4588158539999996,3.8920055939999996,2.259813859,3.3407865310000004,1.612224191,2.7571568760000003,2.902466939,1.91635134,0.08668883
190,Puerto Rico,PRI,GDP per capita growth (annual %),2.98675151,6.0860491539999995,0.78642427,-0.009183943,8.726426357000001,-1.845460369,-0.9910299909999999,-0.582297438,-1.266583453,-1.416210879,0.092102072,0.80057306,1.24696939,0.8421590179999999,0.436573539,0.706704569
192,Portugal,PRT,GDP per capita growth (annual %),3.089054048,1.227263423,0.220542488,-1.301742086,1.5456201019999998,0.595038718,1.441936413,2.305552113,0.174700555,-3.214389967,1.690928415,-1.5514683169999999,-3.667531416,-0.37739824899999996,1.337119967,2.214482885
193,Paraguay,PRY,GDP per capita growth (annual %),-4.274977563,-2.756616979,-1.892274849,2.449874221,2.285779018,0.493016048,3.227657269,3.9239269169999997,4.909779406,-1.5957893140000001,9.648636754,2.834385667,-1.894340158,6.939282909,3.442783303,1.705403129
194,West Bank and Gaza,PSE,GDP per capita growth (annual %),-10.86318838,-11.59863817,-14.69701378,11.13938647,18.84918086,8.482908417,-3.49430235,1.169825962,4.513711439,5.734576812999999,3.065654256,6.867834875,3.5103674639999998,2.214850479,-2.471026305,1.3725850880000001
195,Pacific island small states,PSS,GDP per capita growth (annual %),-2.263665515,-0.022154511,0.854816005,0.971614034,2.805585725,1.016814538,1.167424535,-0.117052516,0.443560565,-2.22282733,1.738859713,2.347608721,-0.380509905,2.120497076,2.233538114,2.275772601
196,Post-demographic dividend,PST,GDP per capita growth (annual %),3.4089262139999996,1.063270147,1.007998185,1.519097701,2.59741652,2.2343404469999997,2.425683185,2.086028525,-0.37686826799999995,-3.969461375,2.3628910469999997,1.324495275,0.7053996309999999,0.909190087,1.4286858340000002,1.648796921
199,Romania,ROU,GDP per capita growth (annual %),2.593975232,6.696673666000001,7.6558694339999995,3.081963843,11.05911322,5.316506112,8.670675852999999,8.829648237,11.1442089,-4.7269826010000005,-3.328750364,2.408543966,2.4959402980000003,4.157004108,3.997544304,3.438749236
200,Russian Federation,RUS,GDP per capita growth (annual %),10.463718,5.546717048,5.1827468130000005,7.7879652020000005,7.632492501000001,6.806606167999999,8.554944957,8.685760611000001,5.246214033999999,-7.827749092,4.453094432,4.2187258739999995,3.849155632,1.538963817,-1.045257463,-2.183888387
201,Rwanda,RWA,GDP per capita growth (annual %),2.463864695,4.563918517,10.56069472,0.648505558,5.920690279,7.402080269,6.773733217,4.9589755669999995,8.234414159,3.443622219,4.591583003999999,5.294479332,6.001616502,2.183448003,3.560870416,6.123845131
202,South Asia,SAS,GDP per capita growth (annual %),2.126614909,2.58801009,1.792287264,5.499380255,5.748117799,5.823692792999999,5.989533527000001,5.6626615529999995,1.680850276,5.569189012000001,6.17990136,3.6985550160000003,4.110159574,4.717750703,5.638262739,6.142453129
203,Saudi Arabia,SAU,GDP per capita growth (annual %),3.22645784,-3.721164618,-5.5051282960000005,8.01558003,4.803447827,2.5439845830000003,-0.07362150099999999,-0.928231268,3.360699551,-4.787296527,2.008907792,6.703970907,2.20265505,-0.367217943,0.7542347770000001,1.4783722380000002
204,Sudan,SDN,GDP per capita growth (annual %),3.442131139,3.577953183,3.498053937,4.765095241,1.020711095,4.535015517,7.049702744,8.488101922,4.908136455,0.528232163,-2.8836623410000004,13.56359862,9.646675276,1.920126005,0.232311396,2.410883131
205,Senegal,SEN,GDP per capita growth (annual %),0.786817359,2.0969891080000003,-1.7686070440000001,4.074528425,3.240026145,2.955563927,-0.168340821,2.201573081,1.3032467559999998,-0.641920073,0.760392106,-1.310164403,2.2295895480000003,-0.016039671000000002,3.66278105,3.4213719719999998
206,Singapore,SGP,GDP per capita growth (annual %),7.166804367999999,-3.701868237,2.9705581010000004,6.088614451000001,8.453312084,4.864973877,5.646770928,4.573574739,-3.410977405,-2.8535354980000003,12.514307400000002,4.143781719,1.929940775,3.153330888,2.59715384,1.7739078080000001
207,Solomon Islands,SLB,GDP per capita growth (annual %),-16.57561954,-10.41309207,-5.361064711,3.765593785,3.972249478,2.984801167,2.430519585,2.1071436390000002,3.4469711380000003,0.20342491899999998,6.007584773,4.566083215,-0.8035389270000001,2.515695895,-1.658681171,-1.281293924
208,Sierra Leone,SLE,GDP per capita growth (annual %),3.810102745,-9.684600839,21.02805995,4.367635787,2.028761747,0.587596576,0.9410033990000001,5.1644629769999995,2.9243410819999998,0.899311289,3.000008945,3.924040207,12.6192137,18.05313719,2.274599807,-22.3122503
209,El Salvador,SLV,GDP per capita growth (annual %),0.38598076600000003,0.21234962300000002,0.9823291740000001,1.021030289,0.39301460299999996,2.226761785,3.874747652,1.419975891,2.1366936830000003,-2.498308379,1.672665936,3.3691580930000002,2.363520882,1.776490031,1.241729222,1.909434455
210,San Marino,SMR,GDP per capita growth (annual %),0.9999003120000001,4.249692681,-0.981580187,2.465542909,3.1832787319999998,1.08384246,2.515601699,5.8160157429999995,-1.713864001,-11.43263215,-6.723784067,-9.565776945,-8.330073322999999,-2.1494002119999998,-1.892808878,1.4596069630000001
212,Serbia,SRB,GDP per capita growth (annual %),6.471472914,7.0627073220000005,6.47847678,4.610065843,9.28288775,5.847869867999999,5.521892401000001,6.8719698010000005,6.10631701,-2.3409282019999997,1.136804338,2.8450096069999997,-0.198378899,3.39452352,-1.126397327,2.311015889
213,Sub-Saharan Africa (excluding high income),SSA,GDP per capita growth (annual %),0.752199638,1.569367076,3.648097064,1.530333214,3.751023983,3.435735317,3.359120235,3.648949747,2.528712931,0.32582732600000003,2.742260121,1.66936314,1.328235821,2.146375095,1.859683484,0.034800482
215,Sub-Saharan Africa,SSF,GDP per capita growth (annual %),0.7908274740000001,1.559185999,3.6081425730000003,1.5384263269999998,3.7303140339999996,3.407240991,3.3555740860000003,3.650232678,2.526883457,0.328309389,2.737585808,1.673082439,1.325321954,2.139365333,1.856740764,0.044990974
216,Small states,SST,GDP per capita growth (annual %),2.853432985,2.192442986,2.839297303,3.154212919,6.218930332,3.4198654360000003,7.5246255170000005,6.220018215,3.908365929,-1.146793488,5.009508566,4.41592288,1.3509130580000002,1.3769434580000002,1.475509805,1.061899715
218,Suriname,SUR,GDP per capita growth (annual %),0.893731264,2.9690348689999997,1.5946971630000002,5.056043918,7.23803503,3.2904678080000003,4.572700685,3.9005633960000003,2.9469461580000003,1.833924722,3.973684221,4.652577705,1.538693928,1.7959533069999998,-0.828632995,-4.423046088
219,Slovak Republic,SVK,GDP per capita growth (annual %),1.303576685,3.4429228430000003,4.547442756000001,5.568546095,5.300318764,6.613004889,8.488190141,10.79969454,5.48438911,-5.581436748,5.772639296,2.714696066,1.723477943,0.558418887,2.5420291,4.715337322
220,Slovenia,SVN,GDP per capita growth (annual %),3.365877567,3.054123502,3.377418071,2.898197278,4.292355219,3.618340924,5.409482633,6.383588927000001,3.3462795439999997,-8.380319592000001,0.90277138,0.6520232429999999,-2.84370502,-1.163520875,2.667134059,2.133258028
221,Sweden,SWE,GDP per capita growth (annual %),4.598254794,1.177501892,1.864873974,1.929830384,3.9273062569999997,2.44824844,4.075714897,2.675002671,-1.223069578,-5.151262729,5.052678573000001,2.418988511,-1.321002324,0.333984863,1.6442440059999999,3.3901762960000004
222,Eswatini,SWZ,GDP per capita growth (annual %),0.6137669929999999,0.239833657,3.821866895,3.500058249,3.2721353680000003,5.557225977000001,5.428187176000001,3.778304892,0.121348759,0.842593875,3.075372743,1.56099202,4.682768731,3.140670969,0.159172806,1.3680489080000002
224,Seychelles,SYC,GDP per capita growth (annual %),0.612194896,-2.356613212,-1.834808541,-4.816177359,-2.490007934,8.501896906,7.15334449,9.859154622,-4.310878182,-1.4926774180000002,3.0372765239999997,10.76086835,0.272336547,4.078024634,2.8918982030000002,2.623391524
227,Chad,TCD,GDP per capita growth (annual %),-4.463605459,7.5099396689999995,4.387174814,10.3809171,28.67596183,13.12730466,-2.8214102039999998,-0.173739977,-0.315847628,0.822919411,9.826047645,-3.227478715,5.2735739939999995,2.2166983769999997,3.433016822,-0.490774024
228,East Asia & Pacific (IDA & IBRD countries),TEA,GDP per capita growth (annual %),6.44183723,5.7166157129999995,6.911989908,7.820234833,8.037898154,8.831192358,9.90901336,11.32158293,7.641619137999999,6.930977157,8.991105429,7.692342755,6.74112833,6.4223141120000005,6.098902611000001,5.849070459
229,Europe & Central Asia (IDA & IBRD countries),TEC,GDP per capita growth (annual %),7.525201536,2.592450055,5.074666379,6.184867776,7.803085703,6.564883796,7.675307194,7.383793203,4.083584054,-5.277561144,4.309676884,5.262095144,2.913293556,3.024742275,1.7623610280000002,0.8343799959999999
230,Togo,TGO,GDP per capita growth (annual %),-3.6838551230000003,-1.9281831880000002,1.140292064,4.045319745,-3.4620376239999997,-7.110511916,-0.043799753,-3.803819631,1.2729509209999998,2.7113079069999997,3.276567178,3.587171765,3.745928899,3.3520298410000002,3.200959831,3.069232944
231,Thailand,THA,GDP per capita growth (annual %),3.3699685589999997,2.4893165919999998,5.271117831000001,6.39087856,5.560908221,3.517291596,4.335656603,4.846449058,1.192205677,-1.189423812,6.98828156,0.35719604200000005,6.740737523,2.222548133,0.5502769829999999,2.7199761060000003
232,Tajikistan,TJK,GDP per capita growth (annual %),6.639604224,7.808885532000001,8.969216162,8.983818465,8.368482736,4.650489995,4.987680214,5.622764225,5.706529111,1.708769846,4.2191365460000005,5.02707203,5.0658088260000005,4.935751742,4.209724631,3.485426878
233,Turkmenistan,TKM,GDP per capita growth (annual %),4.301418656,3.2476151239999997,-0.74151969,2.254316014,3.936473187,11.8157677,9.693729713,9.690322296,13.17494782,4.570624903,7.498659234,12.7742066,9.121441808,8.177788644,8.283140408,4.606273047
234,Latin America & the Caribbean (IDA & IBRD countries),TLA,GDP per capita growth (annual %),2.237669571,-0.713032199,-1.124666245,0.22928016,4.916830932,3.01868867,4.041569713,4.3735540219999995,2.82164789,-3.0431687210000002,4.840131791,3.310059864,1.6936335009999999,1.730470264,-0.042441059,-0.997598084
236,Middle East & North Africa (IDA & IBRD countries),TMN,GDP per capita growth (annual %),2.7154122569999997,0.532652361,1.651800114,0.95949423,6.156318817000001,2.706963915,3.7398904330000002,4.27341959,1.7188396869999998,0.723558736,3.396626486,-2.772185336,0.936610947,-0.121621647,0.332807523,-1.028487443
237,Tonga,TON,GDP per capita growth (annual %),0.37044148200000004,3.2074638980000003,4.281535801,1.72556488,-3.0232020489999996,-0.600356229,-0.93502888,-0.58420158,3.941585365,-5.6654027639999995,0.710428279,7.255607878999999,1.632733715,1.267447308,2.765957046,1.4198462680000001
238,South Asia (IDA & IBRD),TSA,GDP per capita growth (annual %),2.126614909,2.58801009,1.792287264,5.499380255,5.748117799,5.823692792999999,5.989533527000001,5.6626615529999995,1.680850276,5.569189012000001,6.17990136,3.6985550160000003,4.110159574,4.717750703,5.638262739,6.142453129
239,Sub-Saharan Africa (IDA & IBRD countries),TSS,GDP per capita growth (annual %),0.7908274740000001,1.559185999,3.6081425730000003,1.5384263269999998,3.7303140339999996,3.407240991,3.3555740860000003,3.650232678,2.526883457,0.328309389,2.737585808,1.673082439,1.325321954,2.139365333,1.856740764,0.044990974
240,Trinidad and Tobago,TTO,GDP per capita growth (annual %),6.6297093810000005,3.8016168739999996,7.465061828,13.87518577,7.40081385,5.686372689,12.68145937,4.2826580000000005,2.9204170680000003,-4.861255151,2.7617780389999997,-0.893627889,0.619413976,1.55824606,-1.541105041,1.229779357
241,Tunisia,TUN,GDP per capita growth (annual %),3.687799992,2.88948964,0.528632063,3.923076987,5.419596499,2.621374098,4.269842767,5.637711617000001,3.139722455,1.9542364840000002,2.4443813690000002,-2.89085825,2.989797034,1.880398522,1.945239942,0.137805237
242,Turkey,TUR,GDP per capita growth (annual %),5.3221492999999995,-7.147848536000001,4.890314622,4.252462059,8.286033003,7.559684721,5.620656246,3.797997951,-0.382919891,-6.027914117999999,6.919601986,9.509069038,3.09123616,6.663329395,3.16878332,4.331706182
243,Tuvalu,TUV,GDP per capita growth (annual %),-1.4766048390000002,0.669633826,6.62697766,-4.625603184,-2.7815699169999997,-5.040215498999999,0.927804672,5.299649402,7.009589849,-5.441330514,-3.7085998630000003,6.474466076000001,-4.784944335,3.440223797,0.285761365,7.894029392999999
244,Tanzania,TZA,GDP per capita growth (annual %),1.978691802,3.342612444,4.224187823,3.733822715,4.512537376,4.489379633,3.579046618,3.8010811469999997,2.731038261,2.293184729,3.290252459,4.5498065,1.442555391,3.6380083880000003,3.581372758,3.025983613
245,Uganda,UGA,GDP per capita growth (annual %),0.09886378,1.997414455,5.3701638460000005,3.1402206010000002,3.459235393,3.016798329,7.3458641060000005,5.048748955,5.331585491,3.471575151,2.324413229,5.964675923,0.585699589,0.290029688,1.6412129709999999,1.573939517
246,Ukraine,UKR,GDP per capita growth (annual %),6.971350136,10.35739088,6.253590593999999,10.40812388,12.96242784,3.75483753,8.168736741,8.237635371,2.859500455,-14.3793846,4.247708735,5.845438605,0.486553656,0.201192016,-1.1449210890000001,-9.443804593
247,Upper middle income,UMC,GDP per capita growth (annual %),4.9947407660000005,2.206053324,3.300322504,4.302212589,6.979496595,6.238563784,7.29924086,8.007625578999999,5.045256668,0.937553977,6.7931271120000005,5.4679139370000005,4.3567470969999995,4.180309528,3.287013463,2.729248507
248,Uruguay,URY,GDP per capita growth (annual %),-2.276275489,-4.010014999,-7.747736421,0.877225562,5.073457597,7.449553701,3.9859453119999997,6.338516713,6.904307469,3.9492501439999996,7.49536553,4.860624876,3.23053406,4.314466923,2.904977807,0.030240592
249,United States,USA,GDP per capita growth (annual %),2.975208624,0.003648984,0.802103845,1.980925839,2.842680638,2.563502406,1.86795552,0.911865595,-1.076700086,-3.387435664,1.7182012999999998,0.8222775459999999,1.5086141530000001,1.1450532359999999,1.78278554,2.158873603
250,Uzbekistan,UZB,GDP per capita growth (annual %),2.408081724,2.8534687689999996,2.70878259,3.0267280839999997,6.216411405,5.713013286,6.148245628,7.925723268,7.292860007000001,6.243041208999999,4.602330394,4.930421047,5.806588191,5.9172251010000005,5.386554147000001,5.589790004
251,St. Vincent and the Grenadines,VCT,GDP per capita growth (annual %),1.614661155,1.603685662,6.123948738999999,7.462136175,3.977750405,2.39175781,7.699268329,3.4235062710000004,1.701620123,-2.003227969,-3.324868845,-0.47537673799999997,1.2708275009999999,1.657664408,0.99182752,1.0638318709999999
255,Vietnam,VNM,GDP per capita growth (annual %),5.6186340779999995,5.098528794,5.288173400000001,5.902507608,6.550976322,6.559635355,5.985669403999999,6.123607298,4.65245944,4.370643753,5.364180765,5.1597357939999995,4.156333781,4.317191047,4.872999042,5.571390342000001
256,Vanuatu,VUT,GDP per capita growth (annual %),3.801983617,-5.565813307000001,-7.496496892000001,1.647042586,1.354684508,2.7114628919999997,5.890775701,2.7285760239999997,3.969977746,0.825647943,-0.9369117,-1.464068744,-1.037297408,-0.866210852,-0.507502734,-2.512527195
257,World,WLD,GDP per capita growth (annual %),3.0249809030000003,0.6546916,0.8941566059999999,1.683220886,3.1150672160000004,2.636315461,3.095998738,3.048721239,0.605509823,-2.8619174010000004,3.062909953,1.944977475,1.3190608529999999,1.4649112430000002,1.661678039,1.68613327
258,Samoa,WSM,GDP per capita growth (annual %),6.40091363,6.367845762000001,3.743627891,3.8812665560000004,3.9770627419999998,3.4975683539999998,1.321059824,5.639314797000001,0.33831373200000003,-5.475187424,-0.273560982,3.328754835,-4.909930595,-1.2694120070000001,-0.704799603,3.576009628
260,"Yemen, Rep.",YEM,GDP per capita growth (annual %),3.2059615160000003,0.853193805,0.974921232,0.789304934,1.019024632,2.6125795419999998,0.276736062,0.450008646,0.76129366,0.986330046,4.7328816510000005,-15.10792203,-0.39186425,2.014195485,-2.8028800030000003,-29.82706898
261,South Africa,ZAF,GDP per capita growth (annual %),2.742090718,1.3397906609999999,2.397942551,1.6968270319999998,3.289032502,3.982017457,4.277783336000001,4.008500447,1.823487575,-2.898730937,1.551072526,1.7207142830000002,0.607949069,0.852684804,0.247278816,-0.341677246
262,Zambia,ZMB,GDP per capita growth (annual %),1.150422952,2.595847475,1.843714104,4.236896689,4.30902148,4.471508883,5.091500577,5.497427052999999,4.8752264169999995,6.190402016,7.129800585,2.423912326,4.31034873,1.809879195,1.4805238619999999,-0.18815269699999998
263,Zimbabwe,ZWE,GDP per capita growth (annual %),-3.53859549,1.078593579,-9.125525055,-17.18858298,-6.102875117999999,-6.154448599999999,-4.087258633,-4.44283847,-18.49113627,10.70129908,18.0659669,12.45285714,14.70117262,0.19250109899999998,0.596198049,0.10045602
